token,symbol,name
10321,PKTEA-EQ,PKTEA
10415,MUTHOOTCAP-EQ,MUTHOOTCAP
10473,POWERMECH-EQ,POWERMECH
10485,RAMRAT-EQ,RAMRAT
10557,NAVKARCORP-EQ,NAVKARCORP
10577,KRBL-EQ,KRBL
10693,MOMENTUM-EQ,MOMENTUM
1076,ZENSARTECH-EQ,ZENSARTECH
10717,TEAMGTY-EQ,TEAMGTY
10791,NUCLEUS-EQ,NUCLEUS
10825,MOVALUE-EQ,MOVALUE
10948,STCINDIA-EQ,STCINDIA
11060,KSOLVES-EQ,KSOLVES
11065,NATHBIOGEN-EQ,NATHBIOGEN
11226,BAGFILMS-EQ,BAGFILMS
11236,JSL-EQ,JSL
11233,SUVEN-EQ,SUVEN
11309,BALAXI-EQ,BALAXI
11325,MUKANDLTD-EQ,MUKANDLTD
11403,POONAWALLA-EQ,POONAWALLA
11441,LICNETFSEN-EQ,LICNETFSEN
1162,GTL-EQ,GTL
11593,HDFCSENSEX-EQ,HDFCSENSEX
11647,KOTARISUG-EQ,KOTARISUG
11667,DWARKESH-EQ,DWARKESH
11689,SUPRAJIT-EQ,SUPRAJIT
11821,WELCORP-EQ,WELCORP
11841,KENNAMET-EQ,KENNAMET
11860,JKPAPER-EQ,JKPAPER
11895,DCXINDIA-EQ,DCXINDIA
11932,FUSION-EQ,FUSION
1270,AMBUJACEM-EQ,AMBUJACEM
12716,TEAMLEASE-EQ,TEAMLEASE
12749,DJML-EQ,DJML
13111,ORIENTCER-EQ,ORIENTCER
1313,HARRMALAYA-EQ,HARRMALAYA
13198,COMMOIETF-EQ,COMMOIETF
13305,CENTURYPLY-EQ,CENTURYPLY
1336,HEG-EQ,HEG
1348,HEROMOTOCO-EQ,HEROMOTOCO
13510,AKASH-EQ,AKASH
13557,AVONMORE-EQ,AVONMORE
13585,ATLANTAA-EQ,ATLANTAA
13587,ACE-EQ,ACE
13620,ANANTRAJ-EQ,ANANTRAJ
1363,HINDALCO-EQ,HINDALCO
13631,SKYGOLD-EQ,SKYGOLD
13689,AERONEU-EQ,AERONEU
13794,BAIDFIN-EQ,BAIDFIN
13875,JINDRILL-EQ,JINDRILL
13950,LIQUID1-EQ,LIQUID1
13987,ABSLBANETF-EQ,ABSLBANETF
14003,ZEEMEDIA-EQ,ZEEMEDIA
14086,IGPL-EQ,IGPL
1412,AGI-EQ,AGI
14218,CTE-EQ,CTE
14286,GOLDETF-EQ,GOLDETF
14385,POCL-EQ,POCL
14398,AMDIND-EQ,AMDIND
1448,HLVLTD-EQ,HLVLTD
14490,NCLIND-EQ,NCLIND
14755,041NSETEST-EQ,041NSETEST
14767,081NSETEST-EQ,081NSETEST
14777,121NSETEST-EQ,121NSETEST
14992,CCCL-EQ,CCCL
1507,MOGSEC-EQ,MOGSEC
15044,DELTACORP-EQ,DELTACORP
15058,AVALON-EQ,AVALON
1515,INDIACEM-EQ,INDIACEM
15184,BRIGADE-EQ,BRIGADE
15283,KNRCON-EQ,KNRCON
15347,GSS-EQ,GSS
15409,NESCO-EQ,NESCO
15420,ACL-EQ,ACL
15716,PIGL-EQ,PIGL
1597,INGERRAND-EQ,INGERRAND
166,ANDHRAPAP-EQ,ANDHRAPAP
16639,KIRIINDUS-EQ,KIRIINDUS
16675,BAJAJFINSV-EQ,BAJAJFINSV
1675,ITI-EQ,ITI
16943,ASHOKAMET-EQ,ASHOKAMET
1708,JAYBARMARU-EQ,JAYBARMARU
17053,HMAAGRO-EQ,HMAAGRO
17197,PAKKA-EQ,PAKKA
1720,JAYSREETEA-EQ,JAYSREETEA
17333,MHRIL-EQ,MHRIL
17477,CONTROLPR-EQ,CONTROLPR
17635,ZYDUSWELL-EQ,ZYDUSWELL
17651,POKARNA-EQ,POKARNA
17752,SHILPAMED-EQ,SHILPAMED
17851,DLINKINDIA-EQ,DLINKINDIA
18086,DBL-EQ,DBL
18096,JUBLFOOD-EQ,JUBLFOOD
18564,LTTS-EQ,LTTS
18566,RRKABEL-EQ,RRKABEL
18581,KIRLOSBROS-EQ,KIRLOSBROS
18614,SAMHI-EQ,SAMHI
18743,SIGNATURE-EQ,SIGNATURE
18944,KINGFA-EQ,KINGFA
19025,KIRLOSIND-EQ,KIRLOSIND
19097,SILLYMONKS-EQ,SILLYMONKS
193,ARVIND-EQ,ARVIND
19401,BOROLTD-EQ,BOROLTD
19731,GPPL-EQ,GPPL
19943,DEEPAKNTR-EQ,DEEPAKNTR
20071,INTENTECH-EQ,INTENTECH
20224,JWL-EQ,JWL
20534,GRAVITA-EQ,GRAVITA
20616,SUPERHOUSE-EQ,SUPERHOUSE
20621,PENIND-EQ,PENIND
20698,SCHAND-EQ,SCHAND
20788,MOTISONS-EQ,MOTISONS
20830,MOIL-EQ,MOIL
20906,A2ZINFRA-EQ,A2ZINFRA
20956,SUNCLAY-EQ,SUNCLAY
2107,STOVEKRAFT-EQ,STOVEKRAFT
21252,NIFTYAXIS-EQ,NIFTYAXIS
2144,BDL-EQ,BDL
1030,AARON-EQ,AARON
10397,JISLJALEQS-EQ,JISLJALEQS
10568,RAMAPHO-EQ,RAMAPHO
10633,HDFCNIF100-EQ,HDFCNIF100
10733,SPORTKING-EQ,SPORTKING
10753,UNIONBANK-EQ,UNIONBANK
11184,IDFCFIRSTB-EQ,IDFCFIRSTB
11239,NSIL-EQ,NSIL
11260,HDFCVALUE-EQ,HDFCVALUE
11262,IGL-EQ,IGL
11287,UPL-EQ,UPL
11319,LICNETFN50-EQ,LICNETFN50
11374,TIPSFILMS-EQ,TIPSFILMS
11377,MAHABANK-EQ,MAHABANK
11538,HDFCMOMENT-EQ,HDFCMOMENT
11640,BOHRAIND-EQ,BOHRAIND
11654,LALPATHLAB-EQ,LALPATHLAB
11677,INDOCO-EQ,INDOCO
11723,JSWSTEEL-EQ,JSWSTEEL
11782,EVEREADY-EQ,EVEREADY
11796,HPIL-EQ,HPIL
11809,IIFL-EQ,IIFL
11896,GEOJITFSL-EQ,GEOJITFSL
11956,MEDANTA-EQ,MEDANTA
11966,BIKAJI-EQ,BIKAJI
11975,RML-EQ,RML
1205,GOODYEAR-EQ,GOODYEAR
12032,FIVESTAR-EQ,FIVESTAR
1232,GRASIM-EQ,GRASIM
12603,PRECAM-EQ,PRECAM
12842,G1NSETEST-EQ,G1NSETEST
13072,IIFLCAPS-EQ,IIFLCAPS
13081,TRIVENI-EQ,TRIVENI
13086,AIAENG-EQ,AIAENG
13182,ROHLTD-EQ,ROHLTD
13192,ENIL-EQ,ENIL
13218,SULA-EQ,SULA
1327,HCL-INSYS-EQ,HCL-INSYS
13332,SOLARINDS-EQ,SOLARINDS
1338,SDBL-EQ,SDBL
13656,ALICON-EQ,ALICON
13702,VISHWARAJ-EQ,VISHWARAJ
1375,HCC-EQ,HCC
13735,GLOBALVECT-EQ,GLOBALVECT
13776,GESHIP-EQ,GESHIP
1406,HINDPETRO-EQ,HINDPETRO
14058,SANGHVIMOV-EQ,SANGHVIMOV
1415,GLOBAL-EQ,GLOBAL
14116,GANDHITUBE-EQ,GANDHITUBE
14154,UNOMINDA-EQ,UNOMINDA
14174,IZMO-EQ,IZMO
1424,HINDZINC-EQ,HINDZINC
14366,IDEA-EQ,IDEA
14418,ASTRAL-EQ,ASTRAL
14459,LEXUS-EQ,LEXUS
1455,BIRLANU-EQ,BIRLANU
14511,BANSWRAS-EQ,BANSWRAS
14766,V2RETAIL-EQ,V2RETAIL
14778,131NSETEST-EQ,131NSETEST
14894,CENTRALBK-EQ,CENTRALBK
14922,PURVA-EQ,PURVA
14966,CSBBANK-EQ,CSBBANK
15032,PSUBNKBEES-EQ,PSUBNKBEES
15083,ADANIPORTS-EQ,ADANIPORTS
15157,RHL-EQ,RHL
1547,RKEC-EQ,RKEC
16045,PRINCEPIPE-EQ,PRINCEPIPE
16249,CCAVENUE-EQ,CCAVENUE
10310,AURUM-EQ,AURUM
10417,DYCL-EQ,DYCL
10277,NGLFINE-EQ,NGLFINE
16589,VAISHALI-EQ,VAISHALI
16822,IKIO-EQ,IKIO
10530,SHARDAMOTR-EQ,SHARDAMOTR
10578,MPSLTD-EQ,MPSLTD
10599,GUJENERGY-EQ,GUJENERGY
10700,SURANAT&P-EQ,SURANAT&P
17105,SUMICHEM-EQ,SUMICHEM
17388,ADANIPOWER-EQ,ADANIPOWER
10865,GVPTECH-EQ,GVPTECH
10871,GRMOVER-EQ,GRMOVER
10893,DBOL-EQ,DBOL
10932,RADAAN-EQ,RADAAN
10939,JUNIORBEES-EQ,JUNIORBEES
17395,SETF10GILT-EQ,SETF10GILT
17400,NHPC-EQ,NHPC
17475,NV20IETF-EQ,NV20IETF
17507,INCREDIBLE-EQ,INCREDIBLE
10990,RADICO-EQ,RADICO
17576,PVTBANKADD-EQ,PVTBANKADD
17625,MOLDTECH-EQ,MOLDTECH
10999,MARUTI-EQ,MARUTI
17702,MIDSELIETF-EQ,MIDSELIETF
11241,HDFCGROWTH-EQ,HDFCGROWTH
11255,HDFCQUAL-EQ,HDFCQUAL
17818,LTM-EQ,LTM
17869,JSWENERGY-EQ,JSWENERGY
1127,GHCL-EQ,GHCL
11293,UNIENTER-EQ,UNIENTER
11301,LUXIND-EQ,LUXIND
11343,AFFLE-EQ,AFFLE
11359,DHANBANK-EQ,DHANBANK
1805,KABRAEXTRU-EQ,KABRAEXTRU
11364,VAIBHAVGBL-EQ,VAIBHAVGBL
18119,SRGHFL-EQ,SRGHFL
11549,TEXINFRA-EQ,TEXINFRA
11573,FORCEMOT-EQ,FORCEMOT
11582,TRACXN-EQ,TRACXN
11591,HDFCNIFTY-EQ,HDFCNIFTY
11626,WELENT-EQ,WELENT
1841,KCP-EQ,KCP
18391,RBLBANK-EQ,RBLBANK
18417,RISHABH-EQ,RISHABH
11778,GOKEX-EQ,GOKEX
11794,SAKSOFT-EQ,SAKSOFT
1181,GODFRYPHLP-EQ,GODFRYPHLP
11864,PRIMESECU-EQ,PRIMESECU
18721,NUVAMA-EQ,NUVAMA
1190,FMGOETZE-EQ,FMGOETZE
1196,KANSAINER-EQ,KANSAINER
1879,CARYSIL-EQ,CARYSIL
1204,PRAXIS-EQ,PRAXIS
12018,SUZLON-EQ,SUZLON
18967,KAPSTON-EQ,KAPSTON
19061,MANAPPURAM-EQ,MANAPPURAM
1214,DELTAMAGNT-EQ,DELTAMAGNT
19073,AARVI-EQ,AARVI
19084,ITBEES-EQ,ITBEES
1922,KOTAKBANK-EQ,KOTAKBANK
19234,LAURUSLABS-EQ,LAURUSLABS
19289,MOM50-EQ,MOM50
19299,ITDC-EQ,ITDC
1267,GUJALKALI-EQ,GUJALKALI
12686,MBAPL-EQ,MBAPL
128,ROUTE-EQ,ROUTE
19795,CELLO-EQ,CELLO
12913,SARVESHWAR-EQ,SARVESHWAR
19913,DMART-EQ,DMART
19933,EGOLD-EQ,EGOLD
20063,HEALTHX-EQ,HEALTHX
20110,GREENPOWER-EQ,GREENPOWER
20134,RAMKY-EQ,RAMKY
20182,ASHOKA-EQ,ASHOKA
20196,BEDMUTHA-EQ,BEDMUTHA
2029,IRFC-EQ,IRFC
20261,IREDA-EQ,IREDA
20293,TATATECH-EQ,TATATECH
20296,SHAH-EQ,SHAH
20323,RESPONIND-EQ,RESPONIND
20329,CGCL-EQ,CGCL
2048,INDIGOPNTS-EQ,INDIGOPNTS
13035,SAFARI-EQ,SAFARI
20760,RPPINFRA-EQ,RPPINFRA
1333,HDFCBANK-EQ,HDFCBANK
13463,PIONEEREMB-EQ,PIONEEREMB
20936,KIRLOSENG-EQ,KIRLOSENG
13528,GMRAIRPORT-EQ,GMRAIRPORT
13565,RAMANEWS-EQ,RAMANEWS
13821,RUCHIRA-EQ,RUCHIRA
13826,SOBHA-EQ,SOBHA
21399,GANGESSECU-EQ,GANGESSECU
21551,HALEOSLABS-EQ,HALEOSLABS
21578,COMSYN-EQ,COMSYN
14019,VEEDOL-EQ,VEEDOL
14063,WANBURY-EQ,WANBURY
14101,PTL-EQ,PTL
14180,NSLNISP-EQ,NSLNISP
14314,TTL-EQ,TTL
14423,LAOPALA-EQ,LAOPALA
14547,NDLVENTURE-EQ,NDLVENTURE
14592,FORTIS-EQ,FORTIS
14677,GUJAPOLLO-EQ,GUJAPOLLO
14764,071NSETEST-EQ,071NSETEST
14753,031NSETEST-EQ,031NSETEST
21957,INDTERRAIN-EQ,INDTERRAIN
14769,091NSETEST-EQ,091NSETEST
14772,101NSETEST-EQ,101NSETEST
14784,161NSETEST-EQ,161NSETEST
220,IEX-EQ,IEX
14838,DECCANCE-EQ,DECCANCE
1491,IFCI-EQ,IFCI
14889,ASIANTILES-EQ,ASIANTILES
15214,DVL-EQ,DVL
15234,AMBIKCO-EQ,AMBIKCO
15313,IRB-EQ,IRB
15337,RAIN-EQ,RAIN
15380,MANKIND-EQ,MANKIND
22423,TOTAL-EQ,TOTAL
15404,ATAM-EQ,ATAM
15414,TITAGARH-EQ,TITAGARH
15555,HCG-EQ,HCG
1565,RVHL-EQ,RVHL
2263,BANDHANBNK-EQ,BANDHANBNK
15883,HINDWAREAP-EQ,HINDWAREAP
16123,BHARATWIRE-EQ,BHARATWIRE
1630,IONEXCHANG-EQ,IONEXCHANG
16395,MMP-EQ,MMP
22739,MON100-EQ,MON100
2277,MRF-EQ,MRF
16657,ANIKINDS-EQ,ANIKINDS
16696,GHCLTEXTIL-EQ,GHCLTEXTIL
2283,MRPL-EQ,MRPL
22832,SMALLCAP-EQ,SMALLCAP
16783,GVT&D-EQ,GVT&D
16807,LOTUSEYE-EQ,LOTUSEYE
16915,ZFCVINDIA-EQ,ZFCVINDIA
22901,GOLDCASE-EQ,GOLDCASE
23043,RKSWAMY-EQ,RKSWAMY
23056,JGCHEM-EQ,JGCHEM
17704,QUESS-EQ,QUESS
17738,YATHARTH-EQ,YATHARTH
17808,QUAL30IETF-EQ,QUAL30IETF
23407,LIQUIDADD-EQ,LIQUIDADD
23507,UEL-EQ,UEL
17987,TRF-EQ,TRF
17999,UNITEDTEA-EQ,UNITEDTEA
23607,BALUFORGE-EQ,BALUFORGE
18011,WHIRLPOOL-EQ,WHIRLPOOL
18039,ADVENZYMES-EQ,ADVENZYMES
23693,INDGN-EQ,INDGN
18118,THANGAMAYL-EQ,THANGAMAYL
2385,NAVNETEDUL-EQ,NAVNETEDUL
1838,KARURVYSYA-EQ,KARURVYSYA
18457,POWERINDIA-EQ,POWERINDIA
18571,GNA-EQ,GNA
18659,MARATHON-EQ,MARATHON
24081,TOP100CASE-EQ,TOP100CASE
24145,RETAIL-EQ,RETAIL
18931,SUNDARAM-EQ,SUNDARAM
19,STYRENIX-EQ,STYRENIX
1901,CUMMINSIND-EQ,CUMMINSIND
19020,JSWINFRA-EQ,JSWINFRA
19142,UMESLTD-EQ,UMESLTD
24366,SBISILVER-EQ,SBISILVER
24386,BANSALWIRE-EQ,BANSALWIRE
24398,EMCURE-EQ,EMCURE
19184,SFL-EQ,SFL
1927,LIQUIDETF-EQ,LIQUIDETF
19237,MONIFTY500-EQ,MONIFTY500
19410,ROSSARI-EQ,ROSSARI
2454,CENTRUM-EQ,CENTRUM
19813,HONASA-EQ,HONASA
24823,MANCREDIT-EQ,MANCREDIT
24870,INVENTURE-EQ,INVENTURE
25,ADANIENT-EQ,ADANIENT
20242,OBEROIRLTY-EQ,OBEROIRLTY
203,ASHAPURMIN-EQ,ASHAPURMIN
20303,GANDHAR-EQ,GANDHAR
25049,PREMIERENE-EQ,PREMIERENE
20314,NRAIL-EQ,NRAIL
2514,OSWALAGRO-EQ,OSWALAGRO
20425,NACLIND-EQ,NACLIND
25468,PAISALO-EQ,PAISALO
20822,SURAJEST-EQ,SURAJEST
20874,RBZJEWEL-EQ,RBZJEWEL
25597,MANBA-EQ,MANBA
25640,LICMFGOLD-EQ,LICMFGOLD
21091,STARCEMENT-EQ,STARCEMENT
2614,HERANBA-EQ,HERANBA
2636,DIVOPPBEES-EQ,DIVOPPBEES
2142,MFSL-EQ,MFSL
21383,PALASHSECU-EQ,PALASHSECU
21683,BRNL-EQ,BRNL
27084,KMEW-EQ,KMEW
27161,CINELINE-EQ,CINELINE
28046,MOBIKWIK-EQ,MOBIKWIK
28378,IGIL-EQ,IGIL
28888,SENORES-EQ,SENORES
29019,ECAPINSURE-EQ,ECAPINSURE
29050,ZUARI-EQ,ZUARI
2912,RIIL-EQ,RIIL
2955,KALYANKJIL-EQ,KALYANKJIL
29678,BAJAJINDEF-EQ,BAJAJINDEF
29687,UNIONGOLD-EQ,UNIONGOLD
29733,NIBL-EQ,NIBL
3001,BSE500IETF-EQ,BSE500IETF
3010,ITAXIS-EQ,ITAXIS
30109,SELECTIPO-EQ,SELECTIPO
30155,VALUEAXIS-EQ,VALUEAXIS
30244,BHARATSE-EQ,BHARATSE
30290,SBIBPB-EQ,SBIBPB
3078,SHANTIGEAR-EQ,SHANTIGEAR
3103,SHREECEM-EQ,SHREECEM
10238,CONFIPET-EQ,CONFIPET
30893,CMRGREEN-EQ,CMRGREEN
31468,AURUS-EQ,AURUS
10343,RADHIKAJWE-EQ,RADHIKAJWE
3252,SPIC-EQ,SPIC
3273,SRF-EQ,SRF
104,SHAREINDIA-EQ,SHAREINDIA
10440,LUPIN-EQ,LUPIN
3324,SUBROS-EQ,SUBROS
3327,SUDARSCHEM-EQ,SUDARSCHEM
3363,SUPREMEIND-EQ,SUPREMEIND
10512,CONS-EQ,CONS
338,BALMLAWRIE-EQ,BALMLAWRIE
3426,TATAPOWER-EQ,TATAPOWER
3475,THERMAX-EQ,THERMAX
3482,CLSEL-EQ,CLSEL
10580,TCI-EQ,TCI
10723,INFRAIETF-EQ,INFRAIETF
3703,VIPIND-EQ,VIPIND
10793,SYRMA-EQ,SYRMA
10794,CANBK-EQ,CANBK
3727,ANMOL-EQ,ANMOL
10940,DIVISLAB-EQ,DIVISLAB
3906,CAPLIPOINT-EQ,CAPLIPOINT
3987,GREENPLY-EQ,GREENPLY
4014,NAVA-EQ,NAVA
11155,CNL-EQ,CNL
4229,ZFSTEERING-EQ,ZFSTEERING
4157,KEYFINSERV-EQ,KEYFINSERV
436,IFGLEXPOR-EQ,IFGLEXPOR
4522,SIGIND-EQ,SIGIND
11355,PTC-EQ,PTC
11439,BANKBEES-EQ,BANKBEES
1145,GIPCL-EQ,GIPCL
11445,PILANIINVS-EQ,PILANIINVS
11452,CCL-EQ,CCL
48,HAPPSTMNDS-EQ,HAPPSTMNDS
4598,HERITGFOOD-EQ,HERITGFOOD
1153,GLAXO-EQ,GLAXO
4809,KCPSUGIND-EQ,KCPSUGIND
11511,CENTEXT-EQ,CENTEXT
11532,ULTRACEMCO-EQ,ULTRACEMCO
11536,TCS-EQ,TCS
11571,PPLPHARMA-EQ,PPLPHARMA
527,UTIAMC-EQ,UTIAMC
5108,KPIGREEN-EQ,KPIGREEN
5192,KOVAI-EQ,KOVAI
1164,NEWGEN-EQ,NEWGEN
11606,GUFICBIO-EQ,GUFICBIO
11630,NTPC-EQ,NTPC
5306,FMCGIETF-EQ,FMCGIETF
5373,DEVYANI-EQ,DEVYANI
5378,ASAHIINDIA-EQ,ASAHIINDIA
1186,GLAND-EQ,GLAND
11829,SSWL-EQ,SSWL
11868,63MOONS-EQ,63MOONS
11872,GRANULES-EQ,GRANULES
11905,GENUSPOWER-EQ,GENUSPOWER
11971,GOLDIAM-EQ,GOLDIAM
5631,PAR-EQ,PAR
12124,DOLATALGO-EQ,DOLATALGO
5751,SANSERA-EQ,SANSERA
1235,GREAVESCOT-EQ,GREAVESCOT
6066,ATGL-EQ,ATGL
12489,SWSOLAR-EQ,SWSOLAR
12490,VINNY-EQ,VINNY
625,ABREL-EQ,ABREL
6407,LAMBODHARA-EQ,LAMBODHARA
6446,CONSUMIETF-EQ,CONSUMIETF
6600,GENUSPAPER-EQ,GENUSPAPER
6713,MOLDTKPAC-EQ,MOLDTKPAC
6782,NIPPOBATRY-EQ,NIPPOBATRY
12841,11NSETEST-EQ,11NSETEST
12863,V1NSETEST-EQ,V1NSETEST
13236,SADBHAV-EQ,SADBHAV
6944,GANECOS-EQ,GANECOS
13260,KEC-EQ,KEC
21704,DCAL-EQ,DCAL
13421,EMKAY-EQ,EMKAY
2181,BOSCHLTD-EQ,BOSCHLTD
21770,ICICIGI-EQ,ICICIGI
21828,TEXRAIL-EQ,TEXRAIL
13511,MUNJALAU-EQ,MUNJALAU
13643,ELECON-EQ,ELECON
13648,TALBROAUTO-EQ,TALBROAUTO
22,ACC-EQ,ACC
13753,MANOMAY-EQ,MANOMAY
13844,MMFL-EQ,MMFL
1394,HINDUNILVR-EQ,HINDUNILVR
13941,PRAENG-EQ,PRAENG
14008,AVTNPL-EQ,AVTNPL
14139,SBGLP-EQ,SBGLP
14223,TIIL-EQ,TIIL
22255,NDRAUTO-EQ,NDRAUTO
22365,ITIETF-EQ,ITIETF
144,GODREJAGRO-EQ,GODREJAGRO
14428,GOLDBEES-EQ,GOLDBEES
22722,LICNMID100-EQ,LICNMID100
14535,GOLDBETA-EQ,GOLDBETA
14599,GSLSU-EQ,GSLSU
22930,PLATIND-EQ,PLATIND
22947,EXICOM-EQ,EXICOM
14687,GOACARBON-EQ,GOACARBON
14747,011NSETEST-EQ,011NSETEST
23066,GOPAL-EQ,GOPAL
1476,IDBI-EQ,IDBI
14751,021NSETEST-EQ,021NSETEST
14761,NELCAST-EQ,NELCAST
14774,111NSETEST-EQ,111NSETEST
23181,MOSMALL250-EQ,MOSMALL250
14781,141NSETEST-EQ,141NSETEST
1494,RBA-EQ,RBA
14912,KPRMILL-EQ,KPRMILL
14972,KSCL-EQ,KSCL
14977,POWERGRID-EQ,POWERGRID
15039,CERA-EQ,CERA
23799,GODIGIT-EQ,GODIGIT
23804,BSLGOLDETF-EQ,BSLGOLDETF
1512,INDHOTEL-EQ,INDHOTEL
15073,BVCL-EQ,BVCL
15151,MADHAV-EQ,MADHAV
2397,SANDHAR-EQ,SANDHAR
15199,MANAKSIA-EQ,MANAKSIA
15254,CEATLTD-EQ,CEATLTD
15266,JKIL-EQ,JKIL
2406,NEULANDLAB-EQ,NEULANDLAB
15362,VGUARD-EQ,VGUARD
24117,BBNPNBETF-EQ,BBNPNBETF
24217,IVZINNIFTY-EQ,IVZINNIFTY
24225,RELAXO-EQ,RELAXO
2435,CONSUMBEES-EQ,CONSUMBEES
1628,BECTORFOOD-EQ,BECTORFOOD
16795,ARCHIDPLY-EQ,ARCHIDPLY
16859,SINDHUTRAD-EQ,SINDHUTRAD
24944,MODEFENCE-EQ,MODEFENCE
17376,LANDSMILL-EQ,LANDSMILL
17603,MAHEPC-EQ,MAHEPC
17613,SENSEXADD-EQ,SENSEXADD
17747,NIITMTS-EQ,NIITMTS
17922,GEEKAYWIRE-EQ,GEEKAYWIRE
17927,BAYERCROP-EQ,BAYERCROP
17939,HINDCOPPER-EQ,HINDCOPPER
17971,SBICARD-EQ,SBICARD
25718,POLYMED-EQ,POLYMED
25724,RUPA-EQ,RUPA
1814,KPIL-EQ,KPIL
25780,APLAPOLLO-EQ,APLAPOLLO
18154,HATHWAY-EQ,HATHWAY
25835,VINCOFE-EQ,VINCOFE
25977,AFCONS-EQ,AFCONS
18226,MANINFRA-EQ,MANINFRA
18232,LORDSCHLO-EQ,LORDSCHLO
27066,SWIGGY-EQ,SWIGGY
18347,MIDCAPBETA-EQ,MIDCAPBETA
27095,SWANCORP-EQ,SWANCORP
18562,MITTAL-EQ,MITTAL
18593,EMSLIMITED-EQ,EMSLIMITED
18608,ZAGGLE-EQ,ZAGGLE
27176,NTPCGREEN-EQ,NTPCGREEN
18783,IDFNIFTYET-EQ,IDFNIFTYET
2816,RALLIS-EQ,RALLIS
2837,RANASUG-EQ,RANASUG
19015,MVGJL-EQ,MVGJL
2868,HITECH-EQ,HITECH
28764,CEWATER-EQ,CEWATER
19205,HEADSUP-EQ,HEADSUP
2885,RELIANCE-EQ,RELIANCE
28899,KITEX-EQ,KITEX
19531,BAJAJCON-EQ,BAJAJCON
29025,INDOFARM-EQ,INDOFARM
19646,MAXESTATES-EQ,MAXESTATES
19679,GOLDIETF-EQ,GOLDIETF
29075,SETL-EQ,SETL
29087,QUADFUTURE-EQ,QUADFUTURE
29135,INDUSTOWER-EQ,INDUSTOWER
19931,ORISSAMINE-EQ,ORISSAMINE
29423,MOHITIND-EQ,MOHITIND
2951,S&SPOWER-EQ,S&SPOWER
20302,PRESTIGE-EQ,PRESTIGE
20322,FEDFINA-EQ,FEDFINA
20374,COALINDIA-EQ,COALINDIA
20532,GOLDAXIS-EQ,GOLDAXIS
2969,SAKHTISUG-EQ,SAKHTISUG
20551,DOMS-EQ,DOMS
29872,GROWWN200-EQ,GROWWN200
20607,INOXINDIA-EQ,INOXINDIA
20877,PSPPROJECT-EQ,PSPPROJECT
21001,PSB-EQ,PSB
21077,SURANASOL-EQ,SURANASOL
21095,SHEKHAWATI-EQ,SHEKHAWATI
21154,ERIS-EQ,ERIS
3045,SBIN-EQ,SBIN
21247,DIGIDRIVE-EQ,DIGIDRIVE
21314,DYNPRO-EQ,DYNPRO
21428,TATSILV-EQ,TATSILV
21501,SIS-EQ,SIS
21614,ABCAPITAL-EQ,ABCAPITAL
31837,SREEL-EQ,SREEL
21705,MEDIASSIST-EQ,MEDIASSIST
3275,TEMBO-EQ,TEMBO
2188,GENCON-EQ,GENCON
21726,MATRIMONY-EQ,MATRIMONY
341,BALRAMCHIN-EQ,BALRAMCHIN
3292,DEEPINDS-EQ,DEEPINDS
3403,AJOONI-EQ,AJOONI
3432,TATACONSUM-EQ,TATACONSUM
3435,BBOX-EQ,BBOX
3563,ADANIGREEN-EQ,ADANIGREEN
3570,UCAL-EQ,UCAL
3586,MOKSH-EQ,MOKSH
3757,VENKEYS-EQ,VENKEYS
3812,ZEEL-EQ,ZEEL
3813,ARIHANTCAP-EQ,ARIHANTCAP
4010,PVP-EQ,PVP
4040,EIMCOELECO-EQ,EIMCOELECO
4055,PANACEABIO-EQ,PANACEABIO
4067,MARICO-EQ,MARICO
4130,REGENCERAM-EQ,REGENCERAM
2229,MODIRUBBER-EQ,MODIRUBBER
22347,MACPOWER-EQ,MACPOWER
4487,ALKYLAMINE-EQ,ALKYLAMINE
4491,BOSCH-HCIL-EQ,BOSCH-HCIL
4529,NEXT50IETF-EQ,NEXT50IETF
4693,SHYAMMETL-EQ,SHYAMMETL
22377,MAXHEALTH-EQ,MAXHEALTH
4822,DODLA-EQ,DODLA
4892,SAREGAMA-EQ,SAREGAMA
22592,HEALTHADD-EQ,HEALTHADD
22595,HDFCPSUBK-EQ,HDFCPSUBK
5054,GRINFRA-EQ,GRINFRA
509,MAZDOCK-EQ,MAZDOCK
513,BOMDYEING-EQ,BOMDYEING
5168,SBIETFCON-EQ,SBIETFCON
22663,JSFB-EQ,JSFB
522,ICICIB22-EQ,ICICIB22
5186,STYLAMIND-EQ,STYLAMIND
22717,ENTERO-EQ,ENTERO
547,BRITANNIA-EQ,BRITANNIA
5382,EPIGRAL-EQ,EPIGRAL
595,CARBORUNIV-EQ,CARBORUNIV
6364,NATIONALUM-EQ,NATIONALUM
6543,GRPLTD-EQ,GRPLTD
6596,SONATSOFTW-EQ,SONATSOFTW
6673,FOODSIN-EQ,FOODSIN
6711,IVC-EQ,IVC
6718,SAPPHIRE-EQ,SAPPHIRE
6803,STEELCAS-EQ,STEELCAS
6908,VISHNU-EQ,VISHNU
2306,BESTAGRO-EQ,BESTAGRO
6994,BSOFT-EQ,BSOFT
7048,HESTERBIO-EQ,HESTERBIO
23142,PVSL-EQ,PVSL
2328,CPSEETF-EQ,CPSEETF
7129,ZODIAC-EQ,ZODIAC
7196,BBETF0432-EQ,BBETF0432
23446,171NSETEST-EQ,171NSETEST
235,AAKASH-EQ,AAKASH
7457,HAVISHA-EQ,HAVISHA
751745,SMALLGROWW-EQ,SMALLGROWW
23512,TARACHAND-EQ,TARACHAND
23553,AIIL-EQ,AIIL
24067,IXIGO-EQ,IXIGO
24196,VADILALIND-EQ,VADILALIND
24292,VSTTILLERS-EQ,VSTTILLERS
24374,LIQUIDSHRI-EQ,LIQUIDSHRI
24461,EVINDIA-EQ,EVINDIA
24538,MAITHANALL-EQ,MAITHANALL
2475,ONGC-EQ,ONGC
24861,METALIETF-EQ,METALIETF
7083,STARHEALTH-EQ,STARHEALTH
24948,LTF-EQ,LTF
24966,SURAJLTD-EQ,SURAJLTD
722,SBIETFPB-EQ,SBIETFPB
7211,JETFREIGHT-EQ,JETFREIGHT
7218,SBIETFQLTY-EQ,SBIETFQLTY
7374,STAR-EQ,STAR
25134,GALAPREC-EQ,GALAPREC
7413,MANAKCOAT-EQ,MANAKCOAT
7422,MONQ50-EQ,MONQ50
25162,EUREKAFORB-EQ,EUREKAFORB
25235,XTGLOBAL-EQ,XTGLOBAL
25340,VASWANI-EQ,VASWANI
25426,NORTHARC-EQ,NORTHARC
25447,GROWWLIQID-EQ,GROWWLIQID
756020,TINNARUBR-EQ,TINNARUBR
2562,HUHTAMAKI-EQ,HUHTAMAKI
25606,MOMENTUM50-EQ,MOMENTUM50
25608,INDOTHAI-EQ,INDOTHAI
25672,DIFFNKG-EQ,DIFFNKG
25684,JISLDVREQS-EQ,JISLDVREQS
756150,SILVER360-EQ,SILVER360
25786,KANANIIND-EQ,KANANIIND
25941,GODAVARIB-EQ,GODAVARIB
757,CRISIL-EQ,CRISIL
757014,THELEELA-EQ,THELEELA
25984,AVL-EQ,AVL
757142,EQUAL50-EQ,EQUAL50
2627,IT-EQ,IT
27047,MASTERTR-EQ,MASTERTR
27067,VSSL-EQ,VSSL
2717,PRECWIRE-EQ,PRECWIRE
27144,BLACKBUCK-EQ,BLACKBUCK
2739,PRSMJOHNSN-EQ,PRSMJOHNSN
27297,RTNINDIA-EQ,RTNINDIA
757725,LIQGRWBEES-EQ,LIQGRWBEES
21713,LASA-EQ,LASA
21740,CHOLAHLDNG-EQ,CHOLAHLDNG
21749,CAPACITE-EQ,CAPACITE
757919,BORANA-EQ,BORANA
757938,BELLACASA-EQ,BELLACASA
2183,TSFINV-EQ,TSFINV
758705,LTGILTCASE-EQ,LTGILTCASE
21951,HFCL-EQ,HFCL
758973,VIKRAN-EQ,VIKRAN
759048,GKENERGY-EQ,GKENERGY
759057,SAATVIKGL-EQ,SAATVIKGL
759079,DEVX-EQ,DEVX
22277,WORTHPERI-EQ,WORTHPERI
22360,MCL-EQ,MCL
759397,SOLEX-EQ,SOLEX
2241,MODTHREAD-EQ,MODTHREAD
22463,EPACK-EQ,EPACK
22656,SIGNPOST-EQ,SIGNPOST
22670,RPTECH-EQ,RPTECH
759814,SMALL250-EQ,SMALL250
759885,CHEMICAL-EQ,CHEMICAL
759956,ARSSBL-EQ,ARSSBL
2303,HAL-EQ,HAL
22980,MUKKA-EQ,MUKKA
760101,SKFINDUS-EQ,SKFINDUS
760204,MARKOLINES-EQ,MARKOLINES
2313,MURUDCERA-EQ,MURUDCERA
760325,GOLDBND-EQ,GOLDBND
2320,SMCGLOBAL-EQ,SMCGLOBAL
760346,NEPHROPLUS-EQ,NEPHROPLUS
760356,MIDCAPADD-EQ,MIDCAPADD
760407,ICICIAMC-EQ,ICICIAMC
760657,ADVAIT-EQ,ADVAIT
23489,BHARTIHEXA-EQ,BHARTIHEXA
760740,AMAGI-EQ,AMAGI
23650,MUTHOOTFIN-EQ,MUTHOOTFIN
2388,NELCO-EQ,NELCO
761037,CEINSYS-EQ,CEINSYS
761270,ALGOQUANT-EQ,ALGOQUANT
2431,RAILTEL-EQ,RAILTEL
2433,NIRLON-EQ,NIRLON
761741,SBINMID150-EQ,SBINMID150
24445,AGIIL-EQ,AGIIL
762239,GSPCROP-EQ,GSPCROP
245,ADL-EQ,ADL
762538,AKCAPIT-EQ,AKCAPIT
762593,BIRLAPREC-EQ,BIRLAPREC
762643,DISAQ-EQ,DISAQ
762762,LAHOTIOV-EQ,LAHOTIOV
762797,METROGLOBL-EQ,METROGLOBL
24781,BSLNIFTY-EQ,BSLNIFTY
24847,GSEC10ABSL-EQ,GSEC10ABSL
25080,MULTICAP-EQ,MULTICAP
2513,BCLIND-EQ,BCLIND
25222,SANOFICONR-EQ,SANOFICONR
25262,TOLINS-EQ,TOLINS
764195,PVTBANK-EQ,PVTBANK
764364,INSUREIETF-EQ,INSUREIETF
764378,EBANK10-EQ,EBANK10
7672,IMAGICAA-EQ,IMAGICAA
25584,TRITURBINE-EQ,TRITURBINE
764402,MOMETAL-EQ,MOMETAL
7838,NETF-EQ,NETF
8050,MAHLIFE-EQ,MAHLIFE
25758,GROWWDEFNC-EQ,GROWWDEFNC
2595,3PLAND-EQ,3PLAND
8110,AWL-EQ,AWL
8163,SPENCERS-EQ,SPENCERS
2616,SEAMECLTD-EQ,SEAMECLTD
2645,DRCSYSTEMS-EQ,DRCSYSTEMS
2687,POLYPLEX-EQ,POLYPLEX
27020,ABINFRA-EQ,ABINFRA
8510,GATEWAY-EQ,GATEWAY
27061,ACMESOLAR-EQ,ACMESOLAR
8654,MOLOWVOL-EQ,MOLOWVOL
27079,KPEL-EQ,KPEL
27107,SPECIALITY-EQ,SPECIALITY
8736,PNBGILTS-EQ,PNBGILTS
2829,ANURAS-EQ,ANURAS
28314,ANUHPHR-EQ,ANUHPHR
8833,BCG-EQ,BCG
8882,TNIDETF-EQ,TNIDETF
2859,RAYMOND-EQ,RAYMOND
8890,VERANDA-EQ,VERANDA
8953,ELDEHSG-EQ,ELDEHSG
910,EICHERMOT-EQ,EICHERMOT
9020,VCL-EQ,VCL
9087,PIXTRANS-EQ,PIXTRANS
28859,PROZONER-EQ,PROZONER
926,ORCHPHARMA-EQ,ORCHPHARMA
9117,TIPSMUSIC-EQ,TIPSMUSIC
955,ESABINDIA-EQ,ESABINDIA
2909,RICOAUTO-EQ,RICOAUTO
9741,PARADEEP-EQ,PARADEEP
29098,DDEVPLSTIK-EQ,DDEVPLSTIK
29124,PCJEWELLER-EQ,PCJEWELLER
981,EPL-EQ,EPL
29204,STALLION-EQ,STALLION
29224,ONESOURCE-EQ,ONESOURCE
29284,VMART-EQ,VMART
29527,GROWWRAIL-EQ,GROWWRAIL
29553,NIFTYIETF-EQ,NIFTYIETF
29624,AJAXENGG-EQ,AJAXENGG
3002,WONDERLA-EQ,WONDERLA
30065,MOCAPITAL-EQ,MOCAPITAL
3009,KOHINOOR-EQ,KOHINOOR
30249,ISHANCH-EQ,ISHANCH
3066,SESHAPAPER-EQ,SESHAPAPER
30455,SPECTRUM-EQ,SPECTRUM
31017,THOMASCOTT-EQ,THOMASCOTT
31163,RHIM-EQ,RHIM
31181,MCX-EQ,MCX
3237,JTEKTINDIA-EQ,JTEKTINDIA
3321,SPMLINFRA-EQ,SPMLINFRA
3384,SWARAJENG-EQ,SWARAJENG
3496,TIRUMALCHM-EQ,TIRUMALCHM
3608,HEALTHAXIS-EQ,HEALTHAXIS
3594,UNITECH-EQ,UNITECH
3676,VESUVIUS-EQ,VESUVIUS
3761,RITES-EQ,RITES
3766,WHEELS-EQ,WHEELS
395,BEML-EQ,BEML
3827,ZUARIIND-EQ,ZUARIIND
3892,HATSUN-EQ,HATSUN
4064,CUBEXTUB-EQ,CUBEXTUB
4105,SILINV-EQ,SILINV
422,BHARATFORG-EQ,BHARATFORG
4306,SHRIRAMFIN-EQ,SHRIRAMFIN
4421,CREDITACC-EQ,CREDITACC
757102,BELRISE-EQ,BELRISE
4920,HINDCON-EQ,HINDCON
757431,MOPSE-EQ,MOPSE
530,BPL-EQ,BPL
5528,KOTHARIPRO-EQ,KOTHARIPRO
578,LIKHITHA-EQ,LIKHITHA
5732,CONSUMAXIS-EQ,CONSUMAXIS
5926,INTELLECT-EQ,INTELLECT
757791,MOGOLD-EQ,MOGOLD
6006,COASTCORP-EQ,COASTCORP
6018,ABSLAMC-EQ,ABSLAMC
6232,3IINFOLTD-EQ,3IINFOLTD
6545,NYKAA-EQ,NYKAA
758448,ALLTIME-EQ,ALLTIME
6643,SJS-EQ,SJS
758496,SBILIQETF-EQ,SBILIQETF
758558,KALPATARU-EQ,KALPATARU
758697,GROWWNIFTY-EQ,GROWWNIFTY
714,SHALBY-EQ,SHALBY
7177,RATEGAIN-EQ,RATEGAIN
742,COSMOFIRST-EQ,COSMOFIRST
7254,MEDPLUS-EQ,MEDPLUS
7508,ZENTEC-EQ,ZENTEC
7518,TREJHARA-EQ,TREJHARA
759265,TATACAP-EQ,TATACAP
755881,EVIETF-EQ,EVIETF
759402,ADVANCE-EQ,ADVANCE
759477,CANHLIFE-EQ,CANHLIFE
759522,GROWWSC250-EQ,GROWWSC250
760,CGPOWER-EQ,CGPOWER
757096,AONENIFTY-EQ,AONENIFTY
759934,STYL-EQ,STYL
760051,GROWWCAPM-EQ,GROWWCAPM
760125,FABTECH-EQ,FABTECH
757658,FISCHER-EQ,FISCHER
757669,MOALPHA50-EQ,MOALPHA50
757801,IGCL-EQ,IGCL
757817,MOMIDMTM-EQ,MOMIDMTM
760438,GROWWMETAL-EQ,GROWWMETAL
760482,TWCGOLDETF-EQ,TWCGOLDETF
757965,SMARTWORKS-EQ,SMARTWORKS
758165,GROWWPOWER-EQ,GROWWPOWER
760715,HALDER-EQ,HALDER
758889,SGMART-EQ,SGMART
760986,HEALTHCARE-EQ,HEALTHCARE
759062,RHETAN-EQ,RHETAN
761192,KRISHNADEF-EQ,KRISHNADEF
759093,SHRINGARMS-EQ,SHRINGARMS
759103,HILINFRA-EQ,HILINFRA
759311,CRAMC-EQ,CRAMC
761439,RSL-EQ,RSL
759374,MOENERGY-EQ,MOENERGY
761675,SAIPARENT-EQ,SAIPARENT
761814,TCC-EQ,TCC
759769,ADVENTHTL-EQ,ADVENTHTL
759780,ENERGY-EQ,ENERGY
759929,SOLARWORLD-EQ,SOLARWORLD
762690,GNRL-EQ,GNRL
762752,KOTIC-EQ,KOTIC
762767,MADHAVIPL-EQ,MADHAVIPL
762772,MAFATIND-EQ,MAFATIND
762782,MCCHRLS-B-EQ,MCCHRLS-B
762787,MENNPIS-EQ,MENNPIS
762874,SAPPL-EQ,SAPPL
762904,SHINDL-EQ,SHINDL
762909,SHRIKRISH-EQ,SHRIKRISH
762924,SURYALA-EQ,SURYALA
762949,THAKDEV-EQ,THAKDEV
760392,RUDRA-EQ,RUDRA
760415,TOP20-EQ,TOP20
763546,SBIVALETF-EQ,SBIVALETF
764296,LCL-EQ,LCL
764405,MOOILGAS-EQ,MOOILGAS
764408,JNPR-EQ,JNPR
761025,GICL-EQ,GICL
761030,INFRA-EQ,INFRA
7835,WEL-EQ,WEL
7862,GVPIL-EQ,GVPIL
79,ALEMBICLTD-EQ,ALEMBICLTD
7965,MALLCOM-EQ,MALLCOM
8054,KTKBANK-EQ,KTKBANK
8075,DALBHARAT-EQ,DALBHARAT
8077,MIDCAP-EQ,MIDCAP
8124,AJANTPHARM-EQ,AJANTPHARM
8342,GSEC5IETF-EQ,GSEC5IETF
761821,AARNAV-EQ,AARNAV
762227,RAMBHAJO-EQ,RAMBHAJO
8828,GAEL-EQ,GAEL
8840,USHAMART-EQ,USHAMART
762548,ASHIKAG-EQ,ASHIKAG
9014,ANUP-EQ,ANUP
762578,BENGALASM-EQ,BENGALASM
919,EIHOTEL-EQ,EIHOTEL
928,ELECTCAST-EQ,ELECTCAST
9168,SNXT50BETA-EQ,SNXT50BETA
9219,TPLPLASTEH-EQ,TPLPLASTEH
762675,FEDDERSHOL-EQ,FEDDERSHOL
9342,PNC-EQ,PNC
9348,IOB-EQ,IOB
9356,MSTCLTD-EQ,MSTCLTD
762680,FERMENTA-EQ,FERMENTA
762732,KAMAHOLD-EQ,KAMAHOLD
762812,NEAGI-EQ,NEAGI
937,ELGIEQUIP-EQ,ELGIEQUIP
9480,LICI-EQ,LICI
9558,AKSHAR-EQ,AKSHAR
762824,NITTAGELA-EQ,NITTAGELA
9590,POLYCAB-EQ,POLYCAB
762854,QUINT-EQ,QUINT
762859,RAJPALAYAM-EQ,RAJPALAYAM
9917,NEOGEN-EQ,NEOGEN
9879,CHEVIOT-EQ,CHEVIOT
9939,ONEPOINT-EQ,ONEPOINT
27353,ROSSTECH-EQ,ROSSTECH
275,AUROPHARMA-EQ,AUROPHARMA
28125,IKS-EQ,IKS
2854,CRAFTSMAN-EQ,CRAFTSMAN
28847,VENTIVE-EQ,VENTIVE
2970,SURYODAY-EQ,SURYODAY
2998,SUVIDHAA-EQ,SUVIDHAA
30023,ATULAUTO-EQ,ATULAUTO
30089,ORIENTCEM-EQ,ORIENTCEM
30105,GOLD360-EQ,GOLD360
30125,SAMMAANCAP-EQ,SAMMAANCAP
30139,CASHIETF-EQ,CASHIETF
30189,CURAA-EQ,CURAA
3021,SOTL-EQ,SOTL
3024,JINDALSAW-EQ,JINDALSAW
3088,INDOSTAR-EQ,INDOSTAR
317,BAJFINANCE-EQ,BAJFINANCE
324,ANGELONE-EQ,ANGELONE
3247,NITIRAJ-EQ,NITIRAJ
3481,THOMASCOOK-EQ,THOMASCOOK
3499,TATASTEEL-EQ,TATASTEEL
3484,TIL-EQ,TIL
3506,TITAN-EQ,TITAN
3507,MAFANG-EQ,MAFANG
3512,TNTELE-EQ,TNTELE
359,ROML-EQ,ROML
3546,TTKPRESTIG-EQ,TTKPRESTIG
3646,VARDMNPOLY-EQ,VARDMNPOLY
3715,VLSFINANCE-EQ,VLSFINANCE
399,NIACL-EQ,NIACL
3834,BHARATRAS-EQ,BHARATRAS
4116,HBSL-EQ,HBSL
438,BHEL-EQ,BHEL
4176,ZENITHEXPO-EQ,ZENITHEXPO
4378,SENSEXIETF-EQ,SENSEXIETF
4391,GULFOILLUB-EQ,GULFOILLUB
10159,ORICONENT-EQ,ORICONENT
445,5PAISA-EQ,5PAISA
10181,BALKRISHNA-EQ,BALKRISHNA
4656,SBCL-EQ,SBCL
4749,CONCOR-EQ,CONCOR
10217,ADANIENSOL-EQ,ADANIENSOL
10243,SYNGENE-EQ,SYNGENE
489,ICEMAKE-EQ,ICEMAKE
4775,DCMFINSERV-EQ,DCMFINSERV
10276,KAYA-EQ,KAYA
5114,SGIL-EQ,SGIL
10350,CSLFINANCE-EQ,CSLFINANCE
10406,STEELCITY-EQ,STEELCITY
5162,TATVA-EQ,TATVA
5194,ANTGRAPHIC-EQ,ANTGRAPHIC
10576,NIFTYBEES-EQ,NIFTYBEES
5200,GRAUWEIL-EQ,GRAUWEIL
10579,MARKSANS-EQ,MARKSANS
10585,MOM30IETF-EQ,MOM30IETF
10588,SHREEPUSHK-EQ,SHREEPUSHK
10604,BHARTIARTL-EQ,BHARTIARTL
5385,AAVAS-EQ,AAVAS
5394,MOL-EQ,MOL
5407,CARTRADE-EQ,CARTRADE
10619,HDFCNEXT50-EQ,HDFCNEXT50
592,GRAPHITE-EQ,GRAPHITE
5900,AXISBANK-EQ,AXISBANK
6125,GOODLUCK-EQ,GOODLUCK
11140,SUMIT-EQ,SUMIT
10993,INDORAMA-EQ,INDORAMA
6278,MEDICAMEQ-EQ,MEDICAMEQ
11193,SILVERAXIS-EQ,SILVERAXIS
6445,TECHNOE-EQ,TECHNOE
11297,SIL-EQ,SIL
11369,TTKHLTCARE-EQ,TTKHLTCARE
6818,LATENTVIEW-EQ,LATENTVIEW
6863,BAJAJHCARE-EQ,BAJAJHCARE
6964,GOCOLORS-EQ,GOCOLORS
6943,TARSONS-EQ,TARSONS
6977,ICDSLTD-EQ,ICDSLTD
11496,AMBICAAGAR-EQ,AMBICAAGAR
11522,NIITLTD-EQ,NIITLTD
11543,COFORGE-EQ,COFORGE
7145,ANANDRATHI-EQ,ANANDRATHI
11596,LINCOLN-EQ,LINCOLN
11699,PATELENG-EQ,PATELENG
11705,XCHANGING-EQ,XCHANGING
7229,HCLTECH-EQ,HCLTECH
7353,SETFNN50-EQ,SETFNN50
7361,SETFNIFBK-EQ,SETFNIFBK
7376,HPAL-EQ,HPAL
11813,SHOPERSTOP-EQ,SHOPERSTOP
7506,WOCKPHARMA-EQ,WOCKPHARMA
7390,SUPRIYA-EQ,SUPRIYA
11935,SPLIL-EQ,SPLIL
750518,VEDPOWER-EQ,VEDPOWER
7529,LCCINFOTEC-EQ,LCCINFOTEC
12024,ACI-EQ,ACI
756015,CIFL-EQ,CIFL
1247,GSFC-EQ,GSFC
756324,NPST-EQ,NPST
756925,PRIMO-EQ,PRIMO
1289,GFLLIMITED-EQ,GFLLIMITED
757515,DIGITIDE-EQ,DIGITIDE
13001,DHARMAJ-EQ,DHARMAJ
13101,VIMTALABS-EQ,VIMTALABS
757645,ATHERENERG-EQ,ATHERENERG
13285,M&MFIN-EQ,M&MFIN
13288,AFSL-EQ,AFSL
757754,PICCADIL-EQ,PICCADIL
13310,KEI-EQ,KEI
13352,MALUPAPER-EQ,MALUPAPER
13404,SUNTV-EQ,SUNTV
13491,JKLAKSHMI-EQ,JKLAKSHMI
758563,ELLEN-EQ,ELLEN
13580,RADIANTCMS-EQ,RADIANTCMS
13761,BBL-EQ,BBL
13796,MANALIPETC-EQ,MANALIPETC
758941,CPEDU-EQ,CPEDU
14068,SAGCEM-EQ,SAGCEM
758986,GCSL-EQ,GCSL
14111,NETWORK18-EQ,NETWORK18
759084,URBANCO-EQ,URBANCO
759210,TRUALT-EQ,TRUALT
14278,ORIENTBELL-EQ,ORIENTBELL
14305,OSWALSEEDS-EQ,OSWALSEEDS
759239,FINKURVE-EQ,FINKURVE
14435,JKTYRE-EQ,JKTYRE
14450,EMBDL-EQ,EMBDL
759461,GEMAROMA-EQ,GEMAROMA
14466,KIRLFER-EQ,KIRLFER
14523,ICRA-EQ,ICRA
759587,STUDDS-EQ,STUDDS
14607,TGBHOTELS-EQ,TGBHOTELS
759605,LENSKART-EQ,LENSKART
1467,JSWDULUX-EQ,JSWDULUX
759747,SHIVAUM-EQ,SHIVAUM
14672,NAVINFLUOR-EQ,NAVINFLUOR
759847,SHILCTECH-EQ,SHILCTECH
14788,SPARC-EQ,SPARC
759876,UTLSOLAR-EQ,UTLSOLAR
759880,TENNIND-EQ,TENNIND
14858,GOLD1-EQ,GOLD1
14890,AKI-EQ,AKI
14924,LAL-EQ,LAL
759951,JARO-EQ,JARO
760073,JAYKAY-EQ,JAYKAY
15229,LICNFNHGP-EQ,LICNFNHGP
760183,CLEANMAX-EQ,CLEANMAX
154,APCOTEXIND-EQ,APCOTEXIND
15332,NMDC-EQ,NMDC
1570,GMMPFAUDLR-EQ,GMMPFAUDLR
16192,PAVNAIND-EQ,PAVNAIND
760412,DIVIDEND-EQ,DIVIDEND
16863,LPDC-EQ,LPDC
16875,SICAGEN-EQ,SICAGEN
760599,NEXT50ADD-EQ,NEXT50ADD
17181,NEXT50-EQ,NEXT50
17256,ALBERTDAVD-EQ,ALBERTDAVD
17270,ASPINWALL-EQ,ASPINWALL
17272,SETFGOLD-EQ,SETFGOLD
17313,LLOYDSME-EQ,LLOYDSME
17364,VINATIORGA-EQ,VINATIORGA
761056,BONLON-EQ,BONLON
17722,DEN-EQ,DEN
761197,GKSL-EQ,GKSL
17801,LLOYDSENGG-EQ,LLOYDSENGG
17839,GILLANDERS-EQ,GILLANDERS
17933,BEARDSELL-EQ,BEARDSELL
761386,MARSONS-EQ,MARSONS
761420,SINGERIND-EQ,SINGERIND
1802,JYOTISTRUC-EQ,JYOTISTRUC
18151,TVSSCS-EQ,TVSSCS
761469,SHADOWFAX-EQ,SHADOWFAX
761581,CMPDI-EQ,CMPDI
18284,HNGSNGBEES-EQ,HNGSNGBEES
18321,LGBBROSLTD-EQ,LGBBROSLTD
761688,SAHLIBHFI-EQ,SAHLIBHFI
18359,SANDUMA-EQ,SANDUMA
18365,PERSISTENT-EQ,PERSISTENT
18371,NDGL-EQ,NDGL
761916,VOEPL-EQ,VOEPL
184,TCPLPACK-EQ,TCPLPACK
762533,ACSTECH-EQ,ACSTECH
762543,AMBALALSA-EQ,AMBALALSA
18679,HPL-EQ,HPL
762658,ELCIDIN-EQ,ELCIDIN
762663,ELITECON-EQ,ELITECON
762757,KPL-EQ,KPL
18827,TARAPUR-EQ,TARAPUR
18840,NIRAJISPAT-EQ,NIRAJISPAT
762817,NILE-EQ,NILE
762899,SHBAJRG-EQ,SHBAJRG
763602,MSCI360-EQ,MSCI360
763663,MERCURYEV-EQ,MERCURYEV
763753,CSM-EQ,CSM
763784,AGL-EQ,AGL
764116,KUSUMGAR-EQ,KUSUMGAR
764173,SBIFUNDS-EQ,SBIFUNDS
1949,KSB-EQ,KSB
1937,KREBSBIO-EQ,KREBSBIO
764203,CPL-EQ,CPL
19585,BSE-EQ,BSE
764336,HDFCNIMEG-EQ,HDFCNIMEG
1964,TRENT-EQ,TRENT
19633,ITETF-EQ,ITETF
8024,CINEVISTA-EQ,CINEVISTA
8311,BLUESTARCO-EQ,BLUESTARCO
20159,ARIHANTSUP-EQ,ARIHANTSUP
20257,ESILVER-EQ,ESILVER
896,KHAICHEM-EQ,KHAICHEM
9385,PNCINFRA-EQ,PNCINFRA
20321,SHANKARA-EQ,SHANKARA
2043,RAMCOCEM-EQ,RAMCOCEM
9685,TRIDENT-EQ,TRIDENT
20413,IOLCP-EQ,IOLCP
9810,AETHER-EQ,AETHER
9819,HAVELLS-EQ,HAVELLS
9867,NEXTMEDIA-EQ,NEXTMEDIA
9921,ALANKIT-EQ,ALANKIT
20854,HAPPYFORGE-EQ,HAPPYFORGE
2088,MAHSEAMLES-EQ,MAHSEAMLES
21195,GTPL-EQ,GTPL
21334,JYOTICNC-EQ,JYOTICNC
21362,SALASAR-EQ,SALASAR
21392,MAGADSUGAR-EQ,MAGADSUGAR
21406,AVADHSUGAR-EQ,AVADHSUGAR
21469,OPTIEMUS-EQ,OPTIEMUS
21478,NEXT50BETA-EQ,NEXT50BETA
762978,WPIL-EQ,WPIL
763839,KNACK-EQ,KNACK
764198,MOMMIDCAP-EQ,MOMMIDCAP
764301,INDOMIM-EQ,INDOMIM
778,KEEPLEARN-EQ,KEEPLEARN
7886,MHLXMIRU-EQ,MHLXMIRU
7942,SILVERIETF-EQ,SILVERIETF
811,DCMSHRIRAM-EQ,DCMSHRIRAM
8529,GMRP&UI-EQ,GMRP&UI
8546,CHALET-EQ,CHALET
8596,MSUMI-EQ,MSUMI
9039,UFO-EQ,UFO
9756,EMUDHRA-EQ,EMUDHRA
10099,GODREJCP-EQ,GODREJCP
10176,SETFNIF50-EQ,SETFNIF50
10285,AYMSYNTEX-EQ,AYMSYNTEX
1038,FINCABLES-EQ,FINCABLES
1044,BNKETFAXIS-EQ,BNKETFAXIS
1053,UFLEX-EQ,UFLEX
10661,PONNIERODE-EQ,PONNIERODE
1073,FOSECOIND-EQ,FOSECOIND
10726,INDIAMART-EQ,INDIAMART
10738,OFSS-EQ,OFSS
10761,SILVERADD-EQ,SILVERADD
10859,DREAMFOLKS-EQ,DREAMFOLKS
10876,HDFCSILVER-EQ,HDFCSILVER
10945,TMB-EQ,TMB
1100,GARFIBRES-EQ,GARFIBRES
11037,BANKIETF-EQ,BANKIETF
11373,BIOCON-EQ,BIOCON
11394,ZOTA-EQ,ZOTA
11399,SALZERELEC-EQ,SALZERELEC
11432,KRITINUT-EQ,KRITINUT
11530,EMIL-EQ,EMIL
11566,DCI-EQ,DCI
11627,NARMADA-EQ,NARMADA
11655,JBMA-EQ,JBMA
11779,ACEINTEG-EQ,ACEINTEG
11787,GOYALALUM-EQ,GOYALALUM
11817,MANGALAM-EQ,MANGALAM
11840,NH-EQ,NH
11884,MANINDS-EQ,MANINDS
11915,YESBANK-EQ,YESBANK
11983,SASKEN-EQ,SASKEN
11999,FCSSOFT-EQ,FCSSOFT
12219,RUSTOMJEE-EQ,RUSTOMJEE
12847,KRISHANA-EQ,KRISHANA
12848,N1NSETEST-EQ,N1NSETEST
13,ABB-EQ,ABB
13061,360ONE-EQ,360ONE
13121,KERNEX-EQ,KERNEX
13147,PVRINOX-EQ,PVRINOX
13211,JAGRAN-EQ,JAGRAN
13251,SAKUMA-EQ,SAKUMA
13381,KKCL-EQ,KKCL
13577,VOLTAMP-EQ,VOLTAMP
13693,INFOMEDIA-EQ,INFOMEDIA
13725,DCBBANK-EQ,DCBBANK
13751,NAUKRI-EQ,NAUKRI
13885,ARIHANT-EQ,ARIHANT
13890,HIRECT-EQ,HIRECT
13925,NFL-EQ,NFL
14043,SARLAPOLY-EQ,SARLAPOLY
14203,HUBTOWN-EQ,HUBTOWN
14230,HDFCBSE500-EQ,HDFCBSE500
14255,REDINGTON-EQ,REDINGTON
14299,PFC-EQ,PFC
14319,TFL-EQ,TFL
14329,SMSPHARMA-EQ,SMSPHARMA
1442,SANOFI-EQ,SANOFI
14445,NAHARPOLY-EQ,NAHARPOLY
14582,SRHHYPOLTD-EQ,SRHHYPOLTD
14657,INSECTICID-EQ,INSECTICID
14707,TIMETECHNO-EQ,TIMETECHNO
14712,HGS-EQ,HGS
14742,SENSEXAXIS-EQ,SENSEXAXIS
14758,051NSETEST-EQ,051NSETEST
14828,WSI-EQ,WSI
14848,ALPA-EQ,ALPA
14900,SAHYADRI-EQ,SAHYADRI
14917,TAKE-EQ,TAKE
14937,CIEINDIA-EQ,CIEINDIA
14938,GSEC10YEAR-EQ,GSEC10YEAR
14957,MAGNUM-EQ,MAGNUM
14982,CENTUM-EQ,CENTUM
15085,SILVERBETA-EQ,SILVERBETA
15124,KOLTEPATIL-EQ,KOLTEPATIL
15141,COLPAL-EQ,COLPAL
15146,JYOTHYLAB-EQ,JYOTHYLAB
15174,TARIL-EQ,TARIL
15179,ECLERX-EQ,ECLERX
15180,KIRLPNU-EQ,KIRLPNU
15228,UJJIVANSFB-EQ,UJJIVANSFB
15356,GOLDADD-EQ,GOLDADD
15377,PDMJEPAPER-EQ,PDMJEPAPER
1581,TARC-EQ,TARC
16253,EBBETF0430-EQ,EBBETF0430
1633,IPCALAB-EQ,IPCALAB
16658,SIGMA-EQ,SIGMA
16713,UBL-EQ,UBL
16777,SILVERAG-EQ,SILVERAG
16819,QNIFTY-EQ,QNIFTY
17032,THYROCARE-EQ,THYROCARE
17424,GLOBUSSPR-EQ,GLOBUSSPR
17527,MAHASTEEL-EQ,MAHASTEEL
17572,LIQUID-EQ,LIQUID
17616,PSUBANKADD-EQ,PSUBANKADD
17758,SARDAEN-EQ,SARDAEN
17794,SOMICONVEY-EQ,SOMICONVEY
17795,TREL-EQ,TREL
1782,KANPRPLA-EQ,KANPRPLA
17957,MMTC-EQ,MMTC
18026,SBFC-EQ,SBFC
1808,KAJARIACER-EQ,KAJARIACER
18102,NIFTY1-EQ,NIFTY1
18139,DOLPHIN-EQ,DOLPHIN
1826,KAMATHOTEL-EQ,KAMATHOTEL
18252,SPAL-EQ,SPAL
18431,BIGBLOC-EQ,BIGBLOC
18479,ISFT-EQ,ISFT
18520,CUPID-EQ,CUPID
18553,JLHL-EQ,JLHL
18755,KALAMANDIR-EQ,KALAMANDIR
18760,YATRA-EQ,YATRA
18921,VBL-EQ,VBL
19036,PODDARMENT-EQ,PODDARMENT
19223,TCIEXP-EQ,TCIEXP
19235,IMFA-EQ,IMFA
19224,SENSEXETF-EQ,SENSEXETF
19279,THEJO-EQ,THEJO
19578,UGARSUGAR-EQ,UGARSUGAR
19761,ADFFOODS-EQ,ADFFOODS
19867,AMNPLST-EQ,AMNPLST
19876,LGHL-EQ,LGHL
19878,ESAFSFB-EQ,ESAFSFB
20152,ASKAUTOLTD-EQ,ASKAUTOLTD
20203,URJA-EQ,URJA
2031,M&M-EQ,M&M
20531,BAJEL-EQ,BAJEL
20556,INDIASHLTR-EQ,INDIASHLTR
2056,HOMEFIRST-EQ,HOMEFIRST
20642,JINDWORLD-EQ,JINDWORLD
20790,SUMEETINDS-EQ,SUMEETINDS
2106,MANGLMCEM-EQ,MANGLMCEM
21113,BFINVEST-EQ,BFINVEST
21119,KICL-EQ,KICL
212,ASHOKLEY-EQ,ASHOKLEY
21174,CDSL-EQ,CDSL
21254,LOWVOLIETF-EQ,LOWVOLIETF
21401,TATAGOLD-EQ,TATAGOLD
2168,RAJMET-EQ,RAJMET
21623,APEX-EQ,APEX
21959,NIFTYBETF-EQ,NIFTYBETF
22233,DHUNINV-EQ,DHUNINV
22344,ALPL30IETF-EQ,ALPL30IETF
22730,VSTL-EQ,VSTL
23365,AQYLON-EQ,AQYLON
2350,NURECA-EQ,NURECA
23806,ABSLPSE-EQ,ABSLPSE
23855,MIDSMALL-EQ,MIDSMALL
24014,BOROSCI-EQ,BOROSCI
24184,PIIND-EQ,PIIND
24231,OMINFRAL-EQ,OMINFRAL
24308,ABDL-EQ,ABDL
24404,ABGSEC-EQ,ABGSEC
24533,OILIETF-EQ,OILIETF
24582,SANSTAR-EQ,SANSTAR
24742,CEIGALL-EQ,CEIGALL
24798,GROWWEV-EQ,GROWWEV
24924,ELGIRUBCO-EQ,ELGIRUBCO
25398,ARKADE-EQ,ARKADE
25800,GARUDA-EQ,GARUDA
25851,VAL30IETF-EQ,VAL30IETF
25897,MINDACORP-EQ,MINDACORP
2783,JUBLINGREA-EQ,JUBLINGREA
28714,TRANSRAILL-EQ,TRANSRAILL
28879,CARRARO-EQ,CARRARO
29256,DENTA-EQ,DENTA
29577,NIF100BEES-EQ,NIF100BEES
29583,NATCAPSUQ-EQ,NATCAPSUQ
308,BAJAJHIND-EQ,BAJAJHIND
30469,MID150-EQ,MID150
3099,SHREDIGCEM-EQ,SHREDIGCEM
31258,NDL-EQ,NDL
3127,UFBL-EQ,UFBL
3149,BORORENEW-EQ,BORORENEW
3351,SUNPHARMA-EQ,SUNPHARMA
3375,SURYAROSNI-EQ,SURYAROSNI
34,ADOR-EQ,ADOR
342,CAMS-EQ,CAMS
3396,TAINWALCHM-EQ,TAINWALCHM
3417,HONAUT-EQ,HONAUT
3453,TECILCHEM-EQ,TECILCHEM
357,NAM-INDIA-EQ,NAM-INDIA
3579,UNICHEMLAB-EQ,UNICHEMLAB
3694,VINDHYATEL-EQ,VINDHYATEL
371,BATAINDIA-EQ,BATAINDIA
3721,TATACOMM-EQ,TATACOMM
3736,WALCHANNAG-EQ,WALCHANNAG
383,BEL-EQ,BEL
385,MAHLOG-EQ,MAHLOG
3857,VARROC-EQ,VARROC
3912,KHAITANLTD-EQ,KHAITANLTD
404,BERGEPAINT-EQ,BERGEPAINT
4007,CORALFINAC-EQ,CORALFINAC
4201,SOMATEX-EQ,SOMATEX
4221,VISAKAIND-EQ,VISAKAIND
4160,NORBTEAEXP-EQ,NORBTEAEXP
4279,DENORA-EQ,DENORA
4422,INDIANCARD-EQ,INDIANCARD
4469,ELECTHERM-EQ,ELECTHERM
4732,SKMEGGPROD-EQ,SKMEGGPROD
4838,LIQUIDIETF-EQ,LIQUIDIETF
4934,IPL-EQ,IPL
4963,ICICIBANK-EQ,ICICIBANK
4992,SHARDACROP-EQ,SHARDACROP
5049,CLEAN-EQ,CLEAN
526,BPCL-EQ,BPCL
5264,PDSL-EQ,PDSL
5265,ALIVUS-EQ,ALIVUS
5313,UGROCAP-EQ,UGROCAP
5578,ACUTAAS-EQ,ACUTAAS
5585,VIJAYA-EQ,VIJAYA
5688,ARCHIES-EQ,ARCHIES
5701,CUB-EQ,CUB
6062,LICNETFGSC-EQ,LICNETFGSC
6156,ARTNIRMAN-EQ,ARTNIRMAN
6198,FCL-EQ,FCL
6262,SELMC-EQ,SELMC
6302,APOLSINHOT-EQ,APOLSINHOT
6216,CAMLINFINE-EQ,CAMLINFINE
6353,NIFTYETF-EQ,NIFTYETF
6385,CCHHL-EQ,CCHHL
6656,POLICYBZR-EQ,POLICYBZR
676,EXIDEIND-EQ,EXIDEIND
6705,PAYTM-EQ,PAYTM
6733,JINDALSTEL-EQ,JINDALSTEL
6951,LINC-EQ,LINC
7053,ACCELYA-EQ,ACCELYA
7105,TEGA-EQ,TEGA
7287,JTLIND-EQ,JTLIND
7406,GLENMARK-EQ,GLENMARK
7420,MANAKALUCO-EQ,MANAKALUCO
740,SBIETFIT-EQ,SBIETFIT
756038,WAAREERTL-EQ,WAAREERTL
756802,OSWALPUMPS-EQ,OSWALPUMPS
756827,GROWWSLVR-EQ,GROWWSLVR
757031,MOINFRA-EQ,MOINFRA
757099,MOMGF-EQ,MOMGF
21750,LIQUIDCASE-EQ,LIQUIDCASE
21794,DAVANGERE-EQ,DAVANGERE
22566,BLSE-EQ,BLSE
2294,MTNL-EQ,MTNL
23590,GLOSTERLTD-EQ,GLOSTERLTD
23740,TBOTEK-EQ,TBOTEK
2421,NILKAMAL-EQ,NILKAMAL
24190,SYMPHONY-EQ,SYMPHONY
2442,NOCIL-EQ,NOCIL
24524,SBINEQWETF-EQ,SBINEQWETF
24610,AVANTEL-EQ,AVANTEL
2492,SILGO-EQ,SILGO
25203,BALAJEE-EQ,BALAJEE
25358,PGEL-EQ,PGEL
25403,WCIL-EQ,WCIL
25690,DSSL-EQ,DSSL
25844,HYUNDAI-EQ,HYUNDAI
25872,GROWWGOLD-EQ,GROWWGOLD
2598,AMJLAND-EQ,AMJLAND
263,ATUL-EQ,ATUL
2649,PCBL-EQ,PCBL
2664,PIDILITIND-EQ,PIDILITIND
27008,HEXATRADEX-EQ,HEXATRADEX
2705,PRAJIND-EQ,PRAJIND
2711,PRECOT-EQ,PRECOT
27171,RACLGEAR-EQ,RACLGEAR
27303,SAMPANN-EQ,SAMPANN
2809,RAJSREESUG-EQ,RAJSREESUG
2814,ARVEE-EQ,ARVEE
28913,ROSSELLIND-EQ,ROSSELLIND
757767,SAMBHV-EQ,SAMBHV
757772,HDBFS-EQ,HDBFS
757845,INDIQUBE-EQ,INDIQUBE
757850,CRIZAC-EQ,CRIZAC
758700,ARFIN-EQ,ARFIN
758858,CPPLUS-EQ,CPPLUS
758955,SML100CASE-EQ,SML100CASE
759439,PATELRMART-EQ,PATELRMART
759453,VIKRAMSOLR-EQ,VIKRAMSOLR
759728,EMMVEE-EQ,EMMVEE
759842,BETA-EQ,BETA
759867,CAPILLARY-EQ,CAPILLARY
759992,AONETMMQ50-EQ,AONETMMQ50
760224,VIDYAWIRES-EQ,VIDYAWIRES
760229,MEESHO-EQ,MEESHO
760259,WAKEFIT-EQ,WAKEFIT
760351,PARKHOSPS-EQ,PARKHOSPS
760673,GROWWCHEM-EQ,GROWWCHEM
760874,GROWWHOSPI-EQ,GROWWHOSPI
760981,AYE-EQ,AYE
761066,ABSLMSCIN-EQ,ABSLMSCIN
761506,HSBCGOLD-EQ,HSBCGOLD
761514,GROWWPSUBK-EQ,GROWWPSUBK
762163,CORDELIA-EQ,CORDELIA
762528,ABMKNO-EQ,ABMKNO
762623,COCKERILL-EQ,COCKERILL
762889,SEIL-EQ,SEIL
762929,TAALTECH-EQ,TAALTECH
762939,TECHNVISN-EQ,TECHNVISN
762961,ULTRAMAR-EQ,ULTRAMAR
763530,FMCGADD-EQ,FMCGADD
764050,GYFTR-EQ,GYFTR
764121,RIR-EQ,RIR
764288,EMETAL-EQ,EMETAL
781,DALMIASUG-EQ,DALMIASUG
7780,BCONCEPTS-EQ,BCONCEPTS
7844,AUTOIETF-EQ,AUTOIETF
7979,MAKEINDIA-EQ,MAKEINDIA
8159,FIBERWEB-EQ,FIBERWEB
8167,MANYAVAR-EQ,MANYAVAR
8477,XELPMOC-EQ,XELPMOC
8614,INDOBORAX-EQ,INDOBORAX
8632,LOWVOL1-EQ,LOWVOL1
8696,VRLLOG-EQ,VRLLOG
8727,SHAILY-EQ,SHAILY
8825,PRIVISCL-EQ,PRIVISCL
8866,CHOICEIN-EQ,CHOICEIN
8954,TTML-EQ,TTML
9288,KRITIKA-EQ,KRITIKA
9354,TAJGVK-EQ,TAJGVK
9378,TRU-EQ,TRU
940,PGHL-EQ,PGHL
9553,PRUDENT-EQ,PRUDENT
9552,RVNL-EQ,RVNL
9617,SPLPETRO-EQ,SPLPETRO
9641,KHANDSE-EQ,KHANDSE
9847,NV20BEES-EQ,NV20BEES
9931,VIKASLIFE-EQ,VIKASLIFE
29464,NEXT30ADD-EQ,NEXT30ADD
29492,ORCHASP-EQ,ORCHASP
29590,JUBLCPL-EQ,JUBLCPL
29731,GUJTHEM-EQ,GUJTHEM
29877,VIVIDHA-EQ,VIVIDHA
30108,ABFRL-EQ,ABFRL
30121,EQUAL200-EQ,EQUAL200
30392,NIF100IETF-EQ,NIF100IETF
305,BAJAJHLDNG-EQ,BAJAJHLDNG
3138,HONDAPOWER-EQ,HONDAPOWER
3150,SIEMENS-EQ,SIEMENS
3186,SKFINDIA-EQ,SKFINDIA
3291,STARPAPER-EQ,STARPAPER
3339,SUNDARMFIN-EQ,SUNDARMFIN
347,BANARBEADS-EQ,BANARBEADS
3456,TMPV-EQ,TMPV
3509,TNPETRO-EQ,TNPETRO
3637,JUBLPHARMA-EQ,JUBLPHARMA
3693,GAYAHWS-EQ,GAYAHWS
3787,WIPRO-EQ,WIPRO
4,21STCENMGM-EQ,21STCENMGM
381,SINTERCOM-EQ,SINTERCOM
3799,WSTCSTPAPR-EQ,WSTCSTPAPR
3821,ZODIACLOTH-EQ,ZODIACLOTH
40,AEGISLOG-EQ,AEGISLOG
4344,PUNJABCHEM-EQ,PUNJABCHEM
4410,JAGSNPHARM-EQ,JAGSNPHARM
4548,GUJRAFFIA-EQ,GUJRAFFIA
4870,INDSWFTLAB-EQ,INDSWFTLAB
4973,PHARMABEES-EQ,PHARMABEES
5204,GMDCLTD-EQ,GMDCLTD
5258,INDUSINDBK-EQ,INDUSINDBK
5279,ROLEXRINGS-EQ,ROLEXRINGS
5352,EXXARO-EQ,EXXARO
5359,KRSNAA-EQ,KRSNAA
5366,WINDLAS-EQ,WINDLAS
5426,NUVOCO-EQ,NUVOCO
5428,TRIGYN-EQ,TRIGYN
5449,CHEMPLASTS-EQ,CHEMPLASTS
5549,ABMINTLLTD-EQ,ABMINTLLTD
5633,J&KBANK-EQ,J&KBANK
5748,CYIENT-EQ,CYIENT
583,CANFINHOME-EQ,CANFINHOME
5851,BANKNIFTY1-EQ,BANKNIFTY1
6068,AIROLAM-EQ,AIROLAM
6127,DIGJAMLMTD-EQ,DIGJAMLMTD
6141,PANSARI-EQ,PANSARI
6227,DTIL-EQ,DTIL
637,CHAMBLFERT-EQ,CHAMBLFERT
694,CIPLA-EQ,CIPLA
701,HEMIPROP-EQ,HEMIPROP
7109,JMA-EQ,JMA
715,SUDARCOLOR-EQ,SUDARCOLOR
7200,SHRIRAMPPS-EQ,SHRIRAMPPS
7242,METROBRAND-EQ,METROBRAND
7358,DATAPATTNS-EQ,DATAPATTNS
7425,HECPROJECT-EQ,HECPROJECT
7451,NIFTYADD-EQ,NIFTYADD
7463,MANAKSTEEL-EQ,MANAKSTEEL
750368,VOGL-EQ,VOGL
7553,NRBBEARING-EQ,NRBBEARING
756086,GROWWMOM50-EQ,GROWWMOM50
756871,ENRIN-EQ,ENRIN
757336,AEGISVOPAK-EQ,AEGISVOPAK
757545,TRAVELFOOD-EQ,TRAVELFOOD
757614,ARIS-EQ,ARIS
757781,TOP15IETF-EQ,TOP15IETF
757794,BRIGHOTEL-EQ,BRIGHOTEL
757862,EBGNG-EQ,EBGNG
757885,ANTHEM-EQ,ANTHEM
757953,EUROBOND-EQ,EUROBOND
758853,SGFIN-EQ,SGFIN
758904,AONEGOLD-EQ,AONEGOLD
758981,RNBDENIMS-EQ,RNBDENIMS
759007,ATLANTAELE-EQ,ATLANTAELE
759012,GANESHCP-EQ,GANESHCP
759244,JAINREC-EQ,JAINREC
759291,BLUESTONE-EQ,BLUESTONE
759316,RUBICON-EQ,RUBICON
759371,MONIFTY100-EQ,MONIFTY100
759434,WEWORK-EQ,WEWORK
759458,GROWWNXT50-EQ,GROWWNXT50
759466,ELIQUID-EQ,ELIQUID
759488,MOMENTUM30-EQ,MOMENTUM30
759723,PWL-EQ,PWL
759752,MODIS-EQ,MODIS
760039,SUDEEPPHRM-EQ,SUDEEPPHRM
760247,ABSL10BANK-EQ,ABSL10BANK
760300,LEMERITE-EQ,LEMERITE
760328,SILVERBND-EQ,SILVERBND
760709,NEXT50ETF-EQ,NEXT50ETF
761046,DEFENCE-EQ,DEFENCE
761099,INA-EQ,INA
761670,AEROPLANE-EQ,AEROPLANE
761680,POWERICA-EQ,POWERICA
762563,BAJAJST-EQ,BAJAJST
762573,BEEKAY-EQ,BEEKAY
762603,BLIL-EQ,BLIL
762653,ELANTAS-EQ,ELANTAS
762695,GRANDOAK-EQ,GRANDOAK
762717,INDPRUD-EQ,INDPRUD
762727,IWP-EQ,IWP
762742,KIRANVYPAR-EQ,KIRANVYPAR
762807,NATIONSTD-EQ,NATIONSTD
762914,SIKA-EQ,SIKA
763800,AASTHA-EQ,AASTHA
764126,LASERPOWER-EQ,LASERPOWER
764357,MANIPALHOS-EQ,MANIPALHOS
764428,MIDBANKADD-EQ,MIDBANKADD
7852,INOXWIND-EQ,INOXWIND
7880,AUTOBEES-EQ,AUTOBEES
827,DEEPAKFERT-EQ,DEEPAKFERT
8506,MID150BEES-EQ,MID150BEES
8998,UMIYA-MRO-EQ,UMIYA-MRO
936,DPABHUSHAN-EQ,DPABHUSHAN
9305,STARTECK-EQ,STARTECK
9422,SILVERTUC-EQ,SILVERTUC
9408,RAINBOW-EQ,RAINBOW
9652,RELCHEMQ-EQ,RELCHEMQ
9668,HIKAL-EQ,HIKAL
9683,KPITTECH-EQ,KPITTECH
9750,ETHOSLTD-EQ,ETHOSLTD
9897,AIRAN-EQ,AIRAN
9902,AXITA-EQ,AXITA
100,ARE&M-EQ,ARE&M
10346,DGCONTENT-EQ,DGCONTENT
10457,ARVSMART-EQ,ARVSMART
10508,MOHEALTH-EQ,MOHEALTH
10511,NIFTYBETA-EQ,NIFTYBETA
10676,MNC-EQ,MNC
10690,NIFTYQLITY-EQ,NIFTYQLITY
1085,GABRIEL-EQ,GABRIEL
10925,GODREJIND-EQ,GODREJIND
11027,INFOBEAN-EQ,INFOBEAN
11082,LIBAS-EQ,LIBAS
1134,APOLLO-EQ,APOLLO
1139,GICHSGFIN-EQ,GICHSGFIN
11162,HARSHA-EQ,HARSHA
11275,TVTODAY-EQ,TVTODAY
11407,XPROINDIA-EQ,XPROINDIA
11547,HDFCLOWVOL-EQ,HDFCLOWVOL
11618,ASTRAMICRO-EQ,ASTRAMICRO
1174,GNFC-EQ,GNFC
11703,ALKEM-EQ,ALKEM
11763,JPPOWER-EQ,JPPOWER
11798,ALLDIGI-EQ,ALLDIGI
11804,SUKHJITS-EQ,SUKHJITS
11919,MSPL-EQ,MSPL
11979,HTMEDIA-EQ,HTMEDIA
11987,ICIL-EQ,ICIL
11992,SYNCOMF-EQ,SYNCOMF
12015,AEROENTER-EQ,AEROENTER
12026,RENUKA-EQ,RENUKA
12072,SCPL-EQ,SCPL
12092,KAYNES-EQ,KAYNES
12101,HDFCNIFIT-EQ,HDFCNIFIT
1250,CASTROLIND-EQ,CASTROLIND
12533,AAATECH-EQ,AAATECH
12978,NPBET-EQ,NPBET
13091,EKC-EQ,EKC
13139,EBBETF0433-EQ,EBBETF0433
1315,GALAXYSURF-EQ,GALAXYSURF
13143,GSEC10IETF-EQ,GSEC10IETF
1328,MARINE-EQ,MARINE
13270,JKCEMENT-EQ,JKCEMENT
13290,BLKASHYAP-EQ,BLKASHYAP
13300,NITCO-EQ,NITCO
13342,VAKRANGEE-EQ,VAKRANGEE
13359,KFINTECH-EQ,KFINTECH
13414,RSYSTEMS-EQ,RSYSTEMS
13501,ALLCARGO-EQ,ALLCARGO
13517,EMAMILTD-EQ,EMAMILTD
13560,GRINDWELL-EQ,GRINDWELL
13592,HGM-EQ,HGM
136,ANDHRSUGAR-EQ,ANDHRSUGAR
13637,JMFINANCIL-EQ,JMFINANCIL
1372,HINDCOMPOS-EQ,HINDCOMPOS
13750,FLUOROCHEM-EQ,FLUOROCHEM
13771,VGL-EQ,VGL
13786,TORNTPOWER-EQ,TORNTPOWER
13814,KAMOPAINTS-EQ,KAMOPAINTS
13880,BANCOINDIA-EQ,BANCOINDIA
13900,CREST-EQ,CREST
13920,PLASTIBLEN-EQ,PLASTIBLEN
14014,LUMAXTECH-EQ,LUMAXTECH
14096,SIYSIL-EQ,SIYSIL
14150,BTML-EQ,BTML
14260,PGIL-EQ,PGIL
14334,HSCL-EQ,HSCL
14339,GANESHHOU-EQ,GANESHHOU
14413,PAGEIND-EQ,PAGEIND
14552,PHOENIXLTD-EQ,PHOENIXLTD
14762,061NSETEST-EQ,061NSETEST
1485,IFBIND-EQ,IFBIND
15067,BLAL-EQ,BLAL
15068,RELIGARE-EQ,RELIGARE
15156,KALYANIFRG-EQ,KALYANIFRG
15204,ARIES-EQ,ARIES
1521,INDIAGLYCO-EQ,INDIAGLYCO
15239,BIRLAMONEY-EQ,BIRLAMONEY
1530,INDIANHUME-EQ,INDIANHUME
15259,RPOWER-EQ,RPOWER
15355,RECLTD-EQ,RECLTD
15391,RACE-EQ,RACE
15399,EIHAHOTELS-EQ,EIHAHOTELS
1627,LINDEINDIA-EQ,LINDEINDIA
16719,ALMONDZ-EQ,ALMONDZ
1672,HGINFRA-EQ,HGINFRA
16913,ARTEMISMED-EQ,ARTEMISMED
17130,PARAGMILK-EQ,PARAGMILK
17419,BANKETF-EQ,BANKETF
17486,EXPLEOSOL-EQ,EXPLEOSOL
17534,MGL-EQ,MGL
17598,ASALCBR-EQ,ASALCBR
17675,ALOKINDS-EQ,ALOKINDS
17685,GPTINFRA-EQ,GPTINFRA
17728,ASTEC-EQ,ASTEC
17764,REFEX-EQ,REFEX
17833,AHLUCONT-EQ,AHLUCONT
17875,GODREJPROP-EQ,GODREJPROP
17945,COHANCE-EQ,COHANCE
18220,KECL-EQ,KECL
18268,AEROFLEX-EQ,AEROFLEX
18279,HDFCLIQUID-EQ,HDFCLIQUID
18292,IVZINGOLD-EQ,IVZINGOLD
18644,DIAMINESQ-EQ,DIAMINESQ
18908,PNBHOUSING-EQ,PNBHOUSING
19126,KIOCL-EQ,KIOCL
19233,AARTISURF-EQ,AARTISURF
19322,HISARMETAL-EQ,HISARMETAL
19543,HDFCGOLD-EQ,HDFCGOLD
19783,MUFIN-EQ,MUFIN
19877,RADIOCITY-EQ,RADIOCITY
2004,AHLADA-EQ,AHLADA
1994,LIBERTSHOE-EQ,LIBERTSHOE
2018,LUMAXIND-EQ,LUMAXIND
20372,FLAIR-EQ,FLAIR
20481,WIPL-EQ,WIPL
20547,BBNPPGOLD-EQ,BBNPPGOLD
20905,AZAD-EQ,AZAD
20950,RKDL-EQ,RKDL
21131,TEJASNET-EQ,TEJASNET
21238,AUBANK-EQ,AUBANK
21275,SUMMITSEC-EQ,SUMMITSEC
21423,MOM100-EQ,MOM100
1008,FACT-EQ,FACT
1011,SCHAEFFLER-EQ,SCHAEFFLER
10227,MANORAMA-EQ,MANORAMA
1023,FEDERALBNK-EQ,FEDERALBNK
1041,FINPIPE-EQ,FINPIPE
10453,SATIN-EQ,SATIN
10590,LOYALTEX-EQ,LOYALTEX
10637,OLECTRA-EQ,OLECTRA
11045,SATIA-EQ,SATIA
1110,DANGEE-EQ,DANGEE
11195,INDIGO-EQ,INDIGO
11411,RKFORGE-EQ,RKFORGE
11423,DATAMATICS-EQ,DATAMATICS
11427,NDTV-EQ,NDTV
11471,EXCELINDUS-EQ,EXCELINDUS
11483,LT-EQ,LT
11634,SALSTEEL-EQ,SALSTEEL
1168,GMBREW-EQ,GMBREW
11852,SURYALAXMI-EQ,SURYALAXMI
11856,SHAHALLOYS-EQ,SHAHALLOYS
11892,VHL-EQ,VHL
1200,ESG-EQ,ESG
12022,AURIONPRO-EQ,AURIONPRO
12153,BBTCL-EQ,BBTCL
12173,HNDFDS-EQ,HNDFDS
12578,FINIETF-EQ,FINIETF
13057,UNIPARTS-EQ,UNIPARTS
13082,SILVER1-EQ,SILVER1
13106,NAHARINDUS-EQ,NAHARINDUS
13162,CELEBRITY-EQ,CELEBRITY
13430,KELLTONTEC-EQ,KELLTONTEC
13496,PFOCUS-EQ,PFOCUS
13538,TECHM-EQ,TECHM
13598,ANTELOPUS-EQ,ANTELOPUS
13611,IRCTC-EQ,IRCTC
13644,BANKADD-EQ,BANKADD
13710,FIEMIND-EQ,FIEMIND
13720,JHS-EQ,JHS
13810,GREENPANEL-EQ,GREENPANEL
13839,DONEAR-EQ,DONEAR
13868,AARTIPHARM-EQ,AARTIPHARM
13976,TANLA-EQ,TANLA
13982,JASH-EQ,JASH
1403,HINDOILEXP-EQ,HINDOILEXP
14198,TIMKEN-EQ,TIMKEN
14233,HDFCSML250-EQ,HDFCSML250
14245,TVSSRICHAK-EQ,TVSSRICHAK
14296,VIYASH-EQ,VIYASH
14309,INDIANB-EQ,INDIANB
14403,RAJTV-EQ,RAJTV
14479,DIVGIITTS-EQ,DIVGIITTS
14480,GOKULAGRO-EQ,GOKULAGRO
14485,THEMISMED-EQ,THEMISMED
14501,BALAMINES-EQ,BALAMINES
14518,ABSLLIQUID-EQ,ABSLLIQUID
14562,ZENITHSTL-EQ,ZENITHSTL
14567,BFUTILITIE-EQ,BFUTILITIE
14584,PSUBNKIETF-EQ,PSUBNKIETF
14597,ALPHAGEO-EQ,ALPHAGEO
14602,WEBELSOLAR-EQ,WEBELSOLAR
14667,KMSUGAR-EQ,KMSUGAR
14745,ADVANIHOTR-EQ,ADVANIHOTR
14771,TARMAT-EQ,TARMAT
14786,LOWVOL-EQ,LOWVOL
14813,ADSL-EQ,ADSL
14853,OMAXE-EQ,OMAXE
14908,KDDL-EQ,KDDL
14947,MOTILALOFS-EQ,MOTILALOFS
14871,USK-EQ,USK
15017,MAANALU-EQ,MAANALU
15049,ENERGYDEV-EQ,ENERGYDEV
15061,PSUBANK-EQ,PSUBANK
15308,SEPC-EQ,SEPC
15330,QGOLDHALF-EQ,QGOLDHALF
15649,ATALREAL-EQ,ATALREAL
1576,GILLETTE-EQ,GILLETTE
1594,INFY-EQ,INFY
163,APOLLOTYRE-EQ,APOLLOTYRE
1621,TATAINVEST-EQ,TATAINVEST
1660,ITC-EQ,ITC
1663,SUNDROP-EQ,SUNDROP
16669,BAJAJ-AUTO-EQ,BAJAJ-AUTO
16705,GOKUL-EQ,GOKUL
16736,MKPL-EQ,MKPL
16827,KOKUYOCMLN-EQ,KOKUYOCMLN
16908,TOUCHWOOD-EQ,TOUCHWOOD
16921,20MICRONS-EQ,20MICRONS
16986,COUNCODOS-EQ,COUNCODOS
17152,MIDCAPIETF-EQ,MIDCAPIETF
17263,ARMANFIN-EQ,ARMANFIN
17271,SENCO-EQ,SENCO
17279,BLS-EQ,BLS
17357,GKWLIMITED-EQ,GKWLIMITED
17358,UTKARSHBNK-EQ,UTKARSHBNK
17433,NETWEB-EQ,NETWEB
17438,OIL-EQ,OIL
17547,AMRUTANJAN-EQ,AMRUTANJAN
1756,JINDALPOLY-EQ,JINDALPOLY
17700,LTGILTBEES-EQ,LTGILTBEES
17770,GROBTEA-EQ,GROBTEA
17778,ATL-EQ,ATL
17881,DBCORP-EQ,DBCORP
17963,NESTLEIND-EQ,NESTLEIND
18060,CONCORDBIO-EQ,CONCORDBIO
18143,JIOFIN-EQ,JIOFIN
18214,TEXMOPIPES-EQ,TEXMOPIPES
18250,PYRAMID-EQ,PYRAMID
18423,RATNAVEER-EQ,RATNAVEER
18422,ASIANHOTNR-EQ,ASIANHOTNR
18822,ENDURANCE-EQ,ENDURANCE
18883,SJVN-EQ,SJVN
19196,TI-EQ,TI
19292,TERASOFT-EQ,TERASOFT
19372,SPCENET-EQ,SPCENET
19438,AHLEAST-EQ,AHLEAST
19525,IITL-EQ,IITL
19631,PRICOLLTD-EQ,PRICOLLTD
19640,ALPHAETF-EQ,ALPHAETF
19705,LIQUIDSBI-EQ,LIQUIDSBI
199,MASFIN-EQ,MASFIN
1997,LICHSGFIN-EQ,LICHSGFIN
19955,WAAREEINDO-EQ,WAAREEINDO
20092,TASTYBITE-EQ,TASTYBITE
20160,CANTABIL-EQ,CANTABIL
20188,WABAG-EQ,WABAG
20453,APCL-EQ,APCL
20560,DOLLAR-EQ,DOLLAR
206,ASHIMASYN-EQ,ASHIMASYN
20878,MUFTI-EQ,MUFTI
21062,INNOVACAP-EQ,INNOVACAP
2124,MASTEK-EQ,MASTEK
10447,UNITDSPR-EQ,UNITDSPR
10515,SENSEXBETA-EQ,SENSEXBETA
10634,ASAL-EQ,ASAL
10666,PNB-EQ,PNB
10768,OAL-EQ,OAL
10822,MOQUALITY-EQ,MOQUALITY
10905,GENESYS-EQ,GENESYS
11006,LIQUIDBEES-EQ,LIQUIDBEES
11050,SIRCA-EQ,SIRCA
11058,SECURKLOUD-EQ,SECURKLOUD
11212,SHK-EQ,SHK
11223,UCOBANK-EQ,UCOBANK
11253,WELSPUNLIV-EQ,WELSPUNLIV
11265,TVSELECT-EQ,TVSELECT
11271,DREDGECORP-EQ,DREDGECORP
11351,PETRONET-EQ,PETRONET
11386,PVTBANIETF-EQ,PVTBANIETF
11435,SPANDANA-EQ,SPANDANA
11457,NV20-EQ,NV20
11491,APARINDS-EQ,APARINDS
11580,WESTLIFE-EQ,WESTLIFE
11743,JINDALPHOT-EQ,JINDALPHOT
1185,AMBER-EQ,AMBER
11880,JSWHL-EQ,JSWHL
11909,SWELECTES-EQ,SWELECTES
12000,FAZE3Q-EQ,FAZE3Q
12009,IMPAL-EQ,IMPAL
12108,HDFCPVTBAN-EQ,HDFCPVTBAN
13126,REPRO-EQ,REPRO
13175,NITINSPIN-EQ,NITINSPIN
13276,LANDMARK-EQ,LANDMARK
13337,GALLANTT-EQ,GALLANTT
13367,SGL-EQ,SGL
13376,UTTAMSUGAR-EQ,UTTAMSUGAR
13409,GPIL-EQ,GPIL
13423,ELIN-EQ,ELIN
13441,BALPHARMA-EQ,BALPHARMA
13451,RATNAMANI-EQ,RATNAMANI
13536,VIDHIING-EQ,VIDHIING
1360,HIMATSEIDE-EQ,HIMATSEIDE
13745,GTLINFRA-EQ,GTLINFRA
13816,LTFOODS-EQ,LTFOODS
13870,KUANTUM-EQ,KUANTUM
13951,PARACABLES-EQ,PARACABLES
13966,HBLENGINE-EQ,HBLENGINE
14134,PITTIENG-EQ,PITTIENG
14236,HDFCMID150-EQ,HDFCMID150
14304,FSL-EQ,FSL
14346,ORIENTALTL-EQ,ORIENTALTL
14361,APOLLOPIPE-EQ,APOLLOPIPE
14440,NAHARSPING-EQ,NAHARSPING
14557,AROGRANITE-EQ,AROGRANITE
14702,NAGREEKEXP-EQ,NAGREEKEXP
14732,DLF-EQ,DLF
14782,151NSETEST-EQ,151NSETEST
14942,NAGREEKCAP-EQ,NAGREEKCAP
15002,SUPREMEINF-EQ,SUPREMEINF
1508,ASTERDM-EQ,ASTERDM
15034,BAJAJELEC-EQ,BAJAJELEC
15119,EDELWEISS-EQ,EDELWEISS
15129,RGL-EQ,RGL
15244,KAVDEFENCE-EQ,KAVDEFENCE
15295,VIRINCHI-EQ,VIRINCHI
15303,BANG-EQ,BANG
15360,NAHARCAP-EQ,NAHARCAP
157,APOLLOHOSP-EQ,APOLLOHOSP
1624,IOC-EQ,IOC
16682,PTCIL-EQ,PTCIL
16725,RPGLIFE-EQ,RPGLIFE
16821,VINYLINDIA-EQ,VINYLINDIA
16933,INDBANK-EQ,INDBANK
16996,TPHQ-EQ,TPHQ
17029,PATANJALI-EQ,PATANJALI
17044,SHARIABEES-EQ,SHARIABEES
17094,CROMPTON-EQ,CROMPTON
17186,SHRIPISTON-EQ,SHRIPISTON
17187,CYIENTDLM-EQ,CYIENTDLM
17207,ITADD-EQ,ITADD
17307,AJMERA-EQ,AJMERA
17351,SALONA-EQ,SALONA
17397,PREMEXPLN-EQ,PREMEXPLN
17520,RTNPOWER-EQ,RTNPOWER
17641,SUNTECK-EQ,SUNTECK
17859,REDTAPE-EQ,REDTAPE
17903,ABBOTINDIA-EQ,ABBOTINDIA
1797,AWHCL-EQ,AWHCL
18049,MINDTECK-EQ,MINDTECK
181,ARENTERP-EQ,ARENTERP
18131,YASHO-EQ,YASHO
18652,ICICIPRULI-EQ,ICICIPRULI
18889,KSL-EQ,KSL
18962,RAJRATAN-EQ,RAJRATAN
19111,NBIFIN-EQ,NBIFIN
19113,UDS-EQ,UDS
1923,WEALTH-EQ,WEALTH
19496,SECMARK-EQ,SECMARK
19597,IRMENERGY-EQ,IRMENERGY
19599,PRAKASHSTL-EQ,PRAKASHSTL
19686,BLUEJET-EQ,BLUEJET
19691,JITFINFRA-EQ,JITFINFRA
1979,LMW-EQ,LMW
20072,INFRABEES-EQ,INFRABEES
2049,CHENNPETRO-EQ,CHENNPETRO
2073,VTL-EQ,VTL
20778,JAMNAAUTO-EQ,JAMNAAUTO
2085,MAHSCOOTER-EQ,MAHSCOOTER
20825,HUDCO-EQ,HUDCO
20831,MUTHOOTMF-EQ,MUTHOOTMF
21339,STEELXIND-EQ,STEELXIND
21427,THEINVEST-EQ,THEINVEST
21484,STEL-EQ,STEL
21508,COCHINSHIP-EQ,COCHINSHIP
2176,AKG-EQ,AKG
21808,SBILIFE-EQ,SBILIFE
21840,DIAMONDYD-EQ,DIAMONDYD
21986,BANKBETF-EQ,BANKBETF
22239,EBBETF0431-EQ,EBBETF0431
2259,MOREPENLAB-EQ,MOREPENLAB
22649,PARKHOTELS-EQ,PARKHOTELS
23127,SCILAL-EQ,SCILAL
23175,KRYSTAL-EQ,KRYSTAL
23480,SINCLAIR-EQ,SINCLAIR
24077,MID150CASE-EQ,MID150CASE
24159,AFIL-EQ,AFIL
2439,NKIND-EQ,NKIND
24321,VRAJ-EQ,VRAJ
24385,KARMAENG-EQ,KARMAENG
24596,RELTD-EQ,RELTD
24715,AKUMS-EQ,AKUMS
24777,OLAELEC-EQ,OLAELEC
24809,UNIECOM-EQ,UNIECOM
24851,SUYOG-EQ,SUYOG
24856,SSDL-EQ,SSDL
2493,ORIENTHOT-EQ,ORIENTHOT
24909,INTERARCH-EQ,INTERARCH
2496,ORIENTPPR-EQ,ORIENTPPR
24937,MFML-EQ,MFML
25073,RAYMONDLSL-EQ,RAYMONDLSL
25178,TDPOWERSYS-EQ,TDPOWERSYS
25258,EBANKNIFTY-EQ,EBANKNIFTY
25270,BAJAJHFL-EQ,BAJAJHFL
25312,PNGJL-EQ,PNGJL
25328,APLLTD-EQ,APLLTD
25756,VIKASECO-EQ,VIKASECO
25807,LLOYDSENT-EQ,LLOYDSENT
2643,PFIZER-EQ,PFIZER
27037,TBZ-EQ,TBZ
27075,LIQUIDPLUS-EQ,LIQUIDPLUS
27097,NIVABUPA-EQ,NIVABUPA
2716,BUTTERFLY-EQ,BUTTERFLY
277,GICRE-EQ,GICRE
278,AUTOAXLES-EQ,AUTOAXLES
27839,SAILIFE-EQ,SAILIFE
28960,UNIMECH-EQ,UNIMECH
28969,CONSUMER-EQ,CONSUMER
29113,CARERATING-EQ,CARERATING
29251,ITCHOTELS-EQ,ITCHOTELS
29439,SUPREME-EQ,SUPREME
29472,PROTEAN-EQ,PROTEAN
2988,SANDESH-EQ,SANDESH
29962,JUSTDIAL-EQ,JUSTDIAL
30134,PRABHA-EQ,PRABHA
3018,SAURASHCEM-EQ,SAURASHCEM
3048,SCI-EQ,SCI
3162,SIMPLEXINF-EQ,SIMPLEXINF
3220,LODHA-EQ,LODHA
335,BALKRISIND-EQ,BALKRISIND
3329,ISGEC-EQ,ISGEC
350,BANARISUG-EQ,BANARISUG
3466,TFCILTD-EQ,TFCILTD
3531,TRANSPEK-EQ,TRANSPEK
3607,UNIVCABLES-EQ,UNIVCABLES
3672,SOLARA-EQ,SOLARA
3748,WEIZMANIND-EQ,WEIZMANIND
380,BBTC-EQ,BBTC
3772,WILLAMAGOR-EQ,WILLAMAGOR
3880,SOMANYCERA-EQ,SOMANYCERA
3908,PREMIERPOL-EQ,PREMIERPOL
3963,GOCLCORP-EQ,GOCLCORP
3972,PARASPETRO-EQ,PARASPETRO
3980,TNPL-EQ,TNPL
4136,BIOFILCHEM-EQ,BIOFILCHEM
4244,HDFCAMC-EQ,HDFCAMC
4503,MPHASIS-EQ,MPHASIS
4587,RAMCOIND-EQ,RAMCOIND
471,OSWALGREEN-EQ,OSWALGREEN
4847,KIMS-EQ,KIMS
495,BLUEDART-EQ,BLUEDART
4911,MADRASFERT-EQ,MADRASFERT
5097,ETERNAL-EQ,ETERNAL
5220,BFSI-EQ,BFSI
5239,MAHAPEXLTD-EQ,MAHAPEXLTD
5606,INTLCONV-EQ,INTLCONV
5782,MASPTOP50-EQ,MASPTOP50
5911,PARAS-EQ,PARAS
5938,MONTECARLO-EQ,MONTECARLO
5957,BSLSENETFG-EQ,BSLSENETFG
6218,SIKKO-EQ,SIKKO
6462,TECH-EQ,TECH
6568,LAXMICOT-EQ,LAXMICOT
6579,FINOPB-EQ,FINOPB
6973,DMCC-EQ,DMCC
739,COROMANDEL-EQ,COROMANDEL
7325,DCMSRIND-EQ,DCMSRIND
7339,ABSLNN50ET-EQ,ABSLNN50ET
7411,NILASPACES-EQ,NILASPACES
754612,SMALLIETF-EQ,SMALLIETF
756782,KRISHIVAL-EQ,KRISHIVAL
757520,BLUSPRING-EQ,BLUSPRING
757814,GROWWNET-EQ,GROWWNET
758115,JSLL-EQ,JSLL
758150,MBEL-EQ,MBEL
758460,JSWCEMENT-EQ,JSWCEMENT
758595,INTERNET-EQ,INTERNET
758952,ELM250-EQ,ELM250
759169,MWL-EQ,MWL
759256,BMWVENTLTD-EQ,BMWVENTLTD
759302,NIFTYCASE-EQ,NIFTYCASE
759806,GROWW-EQ,GROWW
759820,PINELABS-EQ,PINELABS
759969,PAUSHAKLTD-EQ,PAUSHAKLTD
759987,KSR-EQ,KSR
759995,ESENSEX-EQ,ESENSEX
759998,ENIFTY-EQ,ENIFTY
760054,MOMNC-EQ,MOMNC
760188,SRTL-EQ,SRTL
7603,CMSINFO-EQ,CMSINFO
760865,OMNI-EQ,OMNI
761095,SBIMIDMOM-EQ,SBIMIDMOM
761364,BANK10ADD-EQ,BANK10ADD
761511,VALUE-EQ,VALUE
762568,BATLIBOI-EQ,BATLIBOI
762583,BI-EQ,BI
762628,COMFINTE-EQ,COMFINTE
762638,DECNGOLD-EQ,DECNGOLD
762685,FRONTSP-EQ,FRONTSP
7627,SHREERAMA-EQ,SHREERAMA
762700,GRAVISSHO-EQ,GRAVISSHO
762834,PML-EQ,PML
762879,SAYAJIHOTL-EQ,SAYAJIHOTL
762985,ZSARACOM-EQ,ZSARACOM
21690,DIXON-EQ,DIXON
22415,LOVABLE-EQ,LOVABLE
22440,BANKBETA-EQ,BANKBETA
22524,GILT10BETA-EQ,GILT10BETA
22488,ITBETA-EQ,ITBETA
22521,GILT5BETA-EQ,GILT5BETA
22602,PFS-EQ,PFS
22675,CAPITALSFB-EQ,CAPITALSFB
2275,IRISDOREME-EQ,IRISDOREME
22846,GPTHEALTH-EQ,GPTHEALTH
2289,HLEGLAS-EQ,HLEGLAS
23027,LANCORHOL-EQ,LANCORHOL
2316,HEIDELBERG-EQ,HEIDELBERG
2319,NCC-EQ,NCC
2331,JAYNECOIND-EQ,JAYNECOIND
23621,JNKINDIA-EQ,JNKINDIA
23729,AADHARHFC-EQ,AADHARHFC
23864,AWFIS-EQ,AWFIS
24025,KRONOX-EQ,KRONOX
24226,STANLEY-EQ,STANLEY
24265,ESTER-EQ,ESTER
24403,ASHIANA-EQ,ASHIANA
24409,DHANUKA-EQ,DHANUKA
24730,RUBFILA-EQ,RUBFILA
24735,RPEL-EQ,RPEL
2481,ONWARDTEC-EQ,ONWARDTEC
24814,FIRSTCRY-EQ,FIRSTCRY
25082,TREEHOUSE-EQ,TREEHOUSE
25157,RVTH-EQ,RVTH
25171,TOP10ADD-EQ,TOP10ADD
25252,KROSS-EQ,KROSS
25392,PANAMAPET-EQ,PANAMAPET
25503,INDOUS-EQ,INDOUS
25634,ESSARSHPNG-EQ,ESSARSHPNG
764180,LIQUIDBETA-EQ,LIQUIDBETA
764367,ELMDIV-EQ,ELMDIV
764397,MVELECTRO-EQ,MVELECTRO
7851,RAMCOSYS-EQ,RAMCOSYS
7929,ZYDUSLIFE-EQ,ZYDUSLIFE
7982,GRWRHITECH-EQ,GRWRHITECH
8003,SILVER-EQ,SILVER
8119,RPSGVENT-EQ,RPSGVENT
8146,DEVIT-EQ,DEVIT
817,DCW-EQ,DCW
8479,TVSMOTOR-EQ,TVSMOTOR
881,DRREDDY-EQ,DRREDDY
8827,AVROIND-EQ,AVROIND
8962,HARDWYN-EQ,HARDWYN
9362,CAMPUS-EQ,CAMPUS
9592,VENUSPIPES-EQ,VENUSPIPES
9599,DELHIVERY-EQ,DELHIVERY
2792,EASEMYTRIP-EQ,EASEMYTRIP
27969,VMM-EQ,VMM
2841,LXCHEM-EQ,LXCHEM
2844,RANEHOLDIN-EQ,RANEHOLDIN
28687,MAMATA-EQ,MAMATA
28952,DUCON-EQ,DUCON
29008,TVSHLTD-EQ,TVSHLTD
29459,MOSCHIP-EQ,MOSCHIP
29482,MCLOUD-EQ,MCLOUD
2963,SAIL-EQ,SAIL
29598,REPCOHOME-EQ,REPCOHOME
29944,NIFTY100EW-EQ,NIFTY100EW
3063,VEDL-EQ,VEDL
312,TIINDIA-EQ,TIINDIA
31138,COMPUSOFT-EQ,COMPUSOFT
3126,SHREYANIND-EQ,SHREYANIND
3348,SUNFLAG-EQ,SUNFLAG
3387,SMLMAH-EQ,SMLMAH
3411,TATAELXSI-EQ,TATAELXSI
3518,TORNTPHARM-EQ,TORNTPHARM
3626,HEALTHIETF-EQ,HEALTHIETF
3918,NATCOPHARM-EQ,NATCOPHARM
3965,REMSONSIND-EQ,REMSONSIND
4041,JAYAGROGN-EQ,JAYAGROGN
419,BEPL-EQ,BEPL
4204,MOTHERSON-EQ,MOTHERSON
4235,WENDT-EQ,WENDT
4481,AARTIDRUGS-EQ,AARTIDRUGS
4566,RUCHINFRA-EQ,RUCHINFRA
4668,BANKBARODA-EQ,BANKBARODA
467,HDFCLIFE-EQ,HDFCLIFE
4747,INDNIPPON-EQ,INDNIPPON
4751,INDRAMEDCO-EQ,INDRAMEDCO
4898,FDC-EQ,FDC
4953,ADROITINFO-EQ,ADROITINFO
5435,APTUS-EQ,APTUS
5507,SERVOTECH-EQ,SERVOTECH
5610,ASTRAZEN-EQ,ASTRAZEN
5622,CEMPRO-EQ,CEMPRO
5865,LAGNAM-EQ,LAGNAM
5948,SOUTHBANK-EQ,SOUTHBANK
641,DNAMEDIA-EQ,DNAMEDIA
6848,GREENLAM-EQ,GREENLAM
685,CHOLAFIN-EQ,CHOLAFIN
703,DICIND-EQ,DICIND
6913,RPPL-EQ,RPPL
7412,ALPHA-EQ,ALPHA
7456,MIDQ50ADD-EQ,MIDQ50ADD
750174,VAML-EQ,VAML
756843,ABLBL-EQ,ABLBL
756900,MON50EQUAL-EQ,MON50EQUAL
757478,SCODATUBES-EQ,SCODATUBES
757955,PASHUPATI-EQ,PASHUPATI
758002,SHANTIGOLD-EQ,SHANTIGOLD
758145,LOTUSDEV-EQ,LOTUSDEV
758551,RAYMONDREL-EQ,RAYMONDREL
759041,IVALUE-EQ,IVALUE
759130,ABCOTS-EQ,ABCOTS
759251,EPACKPEB-EQ,EPACKPEB
759342,PACEDIGITK-EQ,PACEDIGITK
759448,SHREEJISPG-EQ,SHREEJISPG
759551,PIRAMALFIN-EQ,PIRAMALFIN
759610,CHOICEGOLD-EQ,CHOICEGOLD
759782,TMCV-EQ,TMCV
759797,EUROPRATIK-EQ,EUROPRATIK
759891,MOIPO-EQ,MOIPO
759978,MSCIADD-EQ,MSCIADD
760001,MOSERVICE-EQ,MOSERVICE
760193,AONESILVER-EQ,AONESILVER
760946,KWIL-EQ,KWIL
760961,FRACTAL-EQ,FRACTAL
760976,GROWWPSE-EQ,GROWWPSE
761528,INNOVISION-EQ,INNOVISION
761693,MOBANK10-EQ,MOBANK10
762346,RMC-EQ,RMC
762432,OMPOWER-EQ,OMPOWER
762553,ASTAR-EQ,ASTAR
762588,BIMETAL-EQ,BIMETAL
762712,HBESD-EQ,HBESD
762747,KLBRENG-B-EQ,KLBRENG-B
762792,MERCANTILE-EQ,MERCANTILE
762844,PRAVEG-EQ,PRAVEG
762849,PREMCO-EQ,PREMCO
763294,KISSHT-EQ,KISSHT
763540,ENEXT50-EQ,ENEXT50
763543,SBISMLETF-EQ,SBISMLETF
764186,ALPINETEX-EQ,ALPINETEX
764285,CEMNTGROWW-EQ,CEMNTGROWW
764333,HYBRIDETF-EQ,HYBRIDETF
7679,MONARCH-EQ,MONARCH
7902,LFIC-EQ,LFIC
7936,AVANTIFEED-EQ,AVANTIFEED
8080,SILVERBEES-EQ,SILVERBEES
8083,CROWN-EQ,CROWN
8153,MEGASTAR-EQ,MEGASTAR
8182,MOMOMENTUM-EQ,MOMOMENTUM
8413,MIDCAPETF-EQ,MIDCAPETF
8797,OBCL-EQ,OBCL
8806,SONAMLTD-EQ,SONAMLTD
8937,E2E-EQ,E2E
8944,RITCO-EQ,RITCO
9046,AGROPHOS-EQ,AGROPHOS
913,EQUITASBNK-EQ,EQUITASBNK
916,EIDPARRY-EQ,EIDPARRY
9384,CREATIVEYE-EQ,CREATIVEYE
958,ESCORTS-EQ,ESCORTS
9539,SAKAR-EQ,SAKAR
9667,MEDICO-EQ,MEDICO
9678,SOUTHWEST-EQ,SOUTHWEST
22428,MAXIND-EQ,MAXIND
22433,HDFCNIFBAN-EQ,HDFCNIFBAN
22824,JUNIPER-EQ,JUNIPER
2307,MUNJALSHOW-EQ,MUNJALSHOW
23184,MOREALTY-EQ,MOREALTY
23402,SRM-EQ,SRM
23447,181NSETEST-EQ,181NSETEST
236,ASIANPAINT-EQ,ASIANPAINT
23915,LIQUIDBETF-EQ,LIQUIDBETF
24378,RELIABLE-EQ,RELIABLE
24532,FILATEX-EQ,FILATEX
2463,MIDHANI-EQ,MIDHANI
24595,RUSHIL-EQ,RUSHIL
24961,ORIENTTECH-EQ,ORIENTTECH
24969,WINDMACHIN-EQ,WINDMACHIN
2535,PGHH-EQ,PGHH
25482,TIJARIA-EQ,TIJARIA
25574,SHAKTIPUMP-EQ,SHAKTIPUMP
25626,UYFINCORP-EQ,UYFINCORP
25725,BANKPSU-EQ,BANKPSU
25737,SRD-EQ,SRD
25744,METAL-EQ,METAL
25907,WAAREEENER-EQ,WAAREEENER
25996,EMULTIMQ-EQ,EMULTIMQ
2606,LEMONTREE-EQ,LEMONTREE
27052,SAGILITY-EQ,SAGILITY
2708,PRAKASH-EQ,PRAKASH
27213,EIEL-EQ,EIEL
27334,SURAKSHA-EQ,SURAKSHA
27754,INNOVANA-EQ,INNOVANA
2866,RCF-EQ,RCF
28662,DAMCAPITAL-EQ,DAMCAPITAL
28805,SANATHAN-EQ,SANATHAN
28906,MAYURUNIQ-EQ,MAYURUNIQ
29171,LAXMIDENTL-EQ,LAXMIDENTL
29452,AGARWALEYE-EQ,AGARWALEYE
29487,NIBE-EQ,NIBE
29666,HEXT-EQ,HEXT
2972,ORIENTELEC-EQ,ORIENTELEC
2987,NAZARA-EQ,NAZARA
29758,MSCIINDIA-EQ,MSCIINDIA
29975,AONETOTAL-EQ,AONETOTAL
30274,SILVERCASE-EQ,SILVERCASE
30472,AONELIQUID-EQ,AONELIQUID
31234,SCHNEIDER-EQ,SCHNEIDER
31415,NBCC-EQ,NBCC
31507,JPOLYINVST-EQ,JPOLYINVST
3172,GILT5YBEES-EQ,GILT5YBEES
3345,SUNDRMFAST-EQ,SUNDRMFAST
3389,AGARIND-EQ,AGARIND
3405,TATACHEM-EQ,TATACHEM
368,BASF-EQ,BASF
3718,VOLTAS-EQ,VOLTAS
3724,VSTIND-EQ,VSTIND
3744,FINEORG-EQ,FINEORG
393,GLOBE-EQ,GLOBE
4127,SAMBHAAV-EQ,SAMBHAAV
4184,SANGAMIND-EQ,SANGAMIND
4394,MIRZAINT-EQ,MIRZAINT
4444,HAWKINCOOK-EQ,HAWKINCOOK
4471,ELPROINTL-EQ,ELPROINTL
4525,DYNAMATECH-EQ,DYNAMATECH
4568,ATLASCYCLE-EQ,ATLASCYCLE
4594,KOTHARIPET-EQ,KOTHARIPET
4684,SONACOMS-EQ,SONACOMS
4717,GAIL-EQ,GAIL
474,3MINDIA-EQ,3MINDIA
4745,BANKINDIA-EQ,BANKINDIA
480,BIRLACORPN-EQ,BIRLACORPN
4843,SNOWMAN-EQ,SNOWMAN
4907,ENGINERSIN-EQ,ENGINERSIN
4986,IRCON-EQ,IRCON
5143,JAICORPLTD-EQ,JAICORPLTD
5475,GRSE-EQ,GRSE
5501,YUKEN-EQ,YUKEN
5516,JAIPURKURT-EQ,JAIPURKURT
5650,SHANTI-EQ,SHANTI
559,BSL-EQ,BSL
619,CENTENKA-EQ,CENTENKA
628,CESC-EQ,CESC
6164,BHAGCHEM-EQ,BHAGCHEM
634,IGARASHI-EQ,IGARASHI
6286,GULPOLY-EQ,GULPOLY
6297,HEALTHY-EQ,HEALTHY
6489,IRIS-EQ,IRIS
6606,EQUAL50ADD-EQ,EQUAL50ADD
6792,SBC-EQ,SBC
6843,SMLT-EQ,SMLT
7,AARTIIND-EQ,AARTIIND
7030,ASIANENE-EQ,ASIANENE
7074,MAHKTECH-EQ,MAHKTECH
708,SHRADHA-EQ,SHRADHA
7227,MAPMYINDIA-EQ,MAPMYINDIA
751607,QMSMEDI-EQ,QMSMEDI
750290,VISL-EQ,VISL
756090,TURTLEMINT-EQ,TURTLEMINT
757167,MONEXT50-EQ,MONEXT50
757443,MOTOUR-EQ,MOTOUR
757455,SNXT30BEES-EQ,SNXT30BEES
757946,QUALITY30-EQ,QUALITY30
758173,PROSTARM-EQ,PROSTARM
758300,GROWWLOVOL-EQ,GROWWLOVOL
758457,MOSILVER-EQ,MOSILVER
758572,GLOBECIVIL-EQ,GLOBECIVIL
758667,MANUFGBEES-EQ,MANUFGBEES
758675,EFCIL-EQ,EFCIL
758748,MEIL-EQ,MEIL
758968,AHCL-EQ,AHCL
759368,FLEXIADD-EQ,FLEXIADD
759381,MONEYBOXX-EQ,MONEYBOXX
759428,GROWWRLTY-EQ,GROWWRLTY
759517,MIDWESTLTD-EQ,MIDWESTLTD
759569,ORKLAINDIA-EQ,ORKLAINDIA
759719,GROWWMC150-EQ,GROWWMC150
760007,EXCELSOFT-EQ,EXCELSOFT
760234,AEQUS-EQ,AEQUS
760213,LGEINDIA-EQ,LGEINDIA
760242,PNGSREVA-EQ,PNGSREVA
760254,CORONA-EQ,CORONA
760359,SMALLADD-EQ,SMALLADD
760433,KSHINTL-EQ,KSHINTL
760594,BUILDPRO-EQ,BUILDPRO
760726,BHARATCOAL-EQ,BHARATCOAL
760923,KNAGRI-EQ,KNAGRI
761153,SEDEMAC-EQ,SEDEMAC
761330,AEPL-EQ,AEPL
761494,BCPL-EQ,BCPL
762518,3BBLACKBIO-EQ,3BBLACKBIO
762648,DRAGARWQ-EQ,DRAGARWQ
762864,RRIL-EQ,RRIL
762919,SONAL-EQ,SONAL
762954,TIMEX-EQ,TIMEX
762971,WELSPLSOL-EQ,WELSPLSOL
763572,PVTBKGROWW-EQ,PVTBKGROWW
764183,BANK10BETF-EQ,BANK10BETF
764255,CMLL-EQ,CMLL
772,DABUR-EQ,DABUR
7848,BIL-EQ,BIL
804,SHIVATEX-EQ,SHIVATEX
8132,BLBLIMITED-EQ,BLBLIMITED
8175,SAGARDEEP-EQ,SAGARDEEP
857,DHAMPURSUG-EQ,DHAMPURSUG
8585,NLCINDIA-EQ,NLCINDIA
8968,HARIOMPIPE-EQ,HARIOMPIPE
9007,NOVARTIND-EQ,NOVARTIND
9049,ROTO-EQ,ROTO
9111,ARVINDFASN-EQ,ARVINDFASN
9158,BALAJITELE-EQ,BALAJITELE
9253,NILAINFRA-EQ,NILAINFRA
9428,SKIPPER-EQ,SKIPPER
9436,AXISCADES-EQ,AXISCADES
9581,METROPOLIS-EQ,METROPOLIS
